101928	k__Archaea; p__Crenarchaeota
1123487	k__Bacteria; p__Actinobacteria
4479043	k__Bacteria; p__Bacteroidetes
50830	k__Bacteria; p__Actinobacteria
14342	k__Bacteria; p__Firmicutes
272412	k__Bacteria; p__Proteobacteria
765279	k__Bacteria; p__Proteobacteria
3780125	k__Bacteria; p__Firmicutes
145761	k__Bacteria; p__Proteobacteria
235611	k__Bacteria; p__Firmicutes
4425690	k__Bacteria; p__Bacteroidetes
4311303	k__Bacteria; p__Proteobacteria
4477290	k__Bacteria; p__Firmicutes
2132253	k__Bacteria; p__Proteobacteria
525629	k__Bacteria; p__Bacteroidetes
188379	k__Bacteria; p__Firmicutes
848990	k__Bacteria; p__Proteobacteria
4416988	k__Bacteria; p__Firmicutes
140965	k__Bacteria; p__Proteobacteria
4309033	k__Bacteria; p__Proteobacteria
4309118	k__Bacteria; p__Proteobacteria
166292	k__Bacteria; p__Proteobacteria
4374291	k__Bacteria; p__Bacteroidetes
342292	k__Bacteria; p__Proteobacteria
535231	k__Bacteria; p__Firmicutes
4372578	k__Bacteria; p__Bacteroidetes
4320126	k__Bacteria; p__Actinobacteria
348376	k__Bacteria; p__Firmicutes
586802	k__Bacteria; p__Actinobacteria
1571244	k__Bacteria; p__Firmicutes
282466	k__Bacteria; p__Proteobacteria
245748	k__Bacteria; p__Firmicutes
186140	k__Bacteria; p__Bacteroidetes
2740622	k__Bacteria; p__Verrucomicrobia
823521	k__Bacteria; p__Bacteroidetes
141505	k__Bacteria; p__Spirochaetes
4362935	k__Bacteria; p__Bacteroidetes
158001	k__Bacteria; p__Firmicutes
4382457	k__Bacteria; p__Firmicutes
868946	k__Bacteria; p__Proteobacteria
108997	k__Archaea; p__Crenarchaeota
197176	k__Bacteria; p__Proteobacteria
4432853	k__Bacteria; p__Firmicutes
4447277	k__Bacteria; p__Bacteroidetes
159839	k__Bacteria; p__Proteobacteria
4470	k__Bacteria; p__Proteobacteria
819786	k__Bacteria; p__Verrucomicrobia
4374581	k__Bacteria; p__Firmicutes
360096	k__Bacteria; p__Bacteroidetes
256727	k__Bacteria; p__Firmicutes
4464028	k__Bacteria; p__Actinobacteria
604904	k__Bacteria; p__Firmicutes
3069102	k__Bacteria; p__Bacteroidetes
157297	k__Bacteria; p__Firmicutes
180127	k__Bacteria; p__Verrucomicrobia
138930	k__Bacteria; p__Proteobacteria
176484	k__Bacteria; p__Firmicutes
186563	k__Bacteria; p__Firmicutes
850423	k__Bacteria; p__Bacteroidetes
76810	k__Bacteria; p__Proteobacteria
509878	k__Bacteria; p__Bacteroidetes
567867	k__Bacteria; p__Proteobacteria
196057	k__Bacteria; p__Firmicutes
301883	k__Bacteria; p__Firmicutes
4314318	k__Bacteria; p__Actinobacteria
2394321	k__Bacteria; p__Actinobacteria
672828	k__Bacteria; p__Bacteroidetes
4386973	k__Bacteria; p__Actinobacteria
363267	k__Bacteria; p__Firmicutes
520109	k__Bacteria; p__Firmicutes
4451252	k__Bacteria; p__Bacteroidetes
364625	k__Bacteria; p__Firmicutes
2771891	k__Bacteria; p__Firmicutes
4310589	k__Bacteria; p__Firmicutes
3755578	k__Bacteria; p__Bacteroidetes
2069792	k__Bacteria; p__Firmicutes
4482307	k__Bacteria; p__Proteobacteria
193897	k__Bacteria; p__Firmicutes
4482867	k__Bacteria; p__Proteobacteria
1523839	k__Bacteria; p__Bacteroidetes
296554	k__Bacteria; p__Firmicutes
267774	k__Archaea; p__Euryarchaeota
169300	k__Bacteria; p__Proteobacteria
350602	k__Bacteria; p__Proteobacteria
1146633	k__Bacteria; p__Proteobacteria
290333	k__Bacteria; p__Proteobacteria
268870	k__Bacteria; p__Firmicutes
212454	k__Bacteria; p__Proteobacteria
14583	k__Bacteria; p__Firmicutes
509694	k__Bacteria; p__Firmicutes
220098	k__Bacteria; p__Firmicutes
206978	k__Archaea; p__Euryarchaeota
1114015	k__Bacteria; p__Firmicutes
4393950	k__Bacteria; p__Proteobacteria
4321582	k__Bacteria; p__Proteobacteria
33515	k__Bacteria; p__Proteobacteria
2441330	k__Bacteria; p__Firmicutes
4295230	k__Bacteria; p__Bacteroidetes
171551	k__Bacteria; p__Firmicutes
527410	k__Bacteria; p__Firmicutes
4369426	k__Bacteria; p__Tenericutes
4452694	k__Bacteria; p__Firmicutes
38368	k__Bacteria; p__Bacteroidetes
4373910	k__Bacteria; p__Proteobacteria
1134970	k__Bacteria; p__Bacteroidetes
218621	k__Bacteria; p__Actinobacteria
428583	k__Bacteria; p__Firmicutes
72583	k__Bacteria; p__Firmicutes
364536	k__Bacteria; p__Firmicutes
188325	k__Bacteria; p__Firmicutes
529271	k__Bacteria; p__Bacteroidetes
4432315	k__Bacteria; p__Proteobacteria
4367988	k__Bacteria; p__Bacteroidetes
3701504	k__Bacteria; p__Firmicutes
4337537	k__Bacteria; p__Firmicutes
113799	k__Bacteria; p__Proteobacteria
808541	k__Bacteria; p__Firmicutes
4380875	k__Bacteria; p__Bacteroidetes
4445513	k__Bacteria; p__Proteobacteria
4350952	k__Bacteria; p__Proteobacteria
429048	k__Bacteria; p__Proteobacteria
3228260	k__Bacteria; p__Bacteroidetes
4467983	k__Bacteria; p__Firmicutes
4436739	k__Bacteria; p__Proteobacteria
4369464	k__Bacteria; p__Proteobacteria
4298335	k__Bacteria; p__Actinobacteria
4448346	k__Bacteria; p__Proteobacteria
10829	k__Bacteria; p__Proteobacteria
129767	k__Bacteria; p__Bacteroidetes
895359	k__Bacteria; p__Proteobacteria
81060	k__Bacteria; p__Actinobacteria
107665	k__Bacteria; p__Firmicutes
589503	k__Bacteria; p__Actinobacteria
823196	k__Archaea; p__Euryarchaeota
194494	k__Bacteria; p__Firmicutes
1142618	k__Bacteria; p__Firmicutes
338075	k__Bacteria; p__Actinobacteria
3409144	k__Bacteria; p__Firmicutes
181764	k__Bacteria; p__Firmicutes
4452049	k__Bacteria; p__Firmicutes
510981	k__Bacteria; p__Bacteroidetes
4359221	k__Bacteria; p__Firmicutes
4251315	k__Bacteria; p__Firmicutes
4432638	k__Bacteria; p__Actinobacteria
718656	k__Bacteria; p__Bacteroidetes
773253	k__Bacteria; p__Firmicutes
4307907	k__Bacteria; p__Firmicutes
19936	k__Bacteria; p__Actinobacteria
179815	k__Bacteria; p__Firmicutes
12528	k__Bacteria; p__Actinobacteria
176800	k__Bacteria; p__Firmicutes
428632	k__Bacteria; p__Firmicutes
900813	k__Bacteria; p__Firmicutes
88723	k__Bacteria; p__Proteobacteria
3156594	k__Bacteria; p__Actinobacteria
151117	k__Bacteria; p__Bacteroidetes
519458	k__Bacteria; p__Bacteroidetes
341829	k__Bacteria; p__Firmicutes
295456	k__Bacteria; p__Firmicutes
3901547	k__Bacteria; p__Firmicutes
1117497	k__Bacteria; p__Actinobacteria
1029187	k__Bacteria; p__Firmicutes
93306	k__Bacteria; p__Proteobacteria
301256	k__Bacteria; p__Firmicutes
164072	k__Bacteria; p__Proteobacteria
26225	k__Bacteria; p__Acidobacteria
2639472	k__Bacteria; p__Proteobacteria
4460578	k__Bacteria; p__Actinobacteria
182145	k__Bacteria; p__Proteobacteria
813990	k__Bacteria; p__Proteobacteria
4320613	k__Bacteria; p__Firmicutes
184212	k__Bacteria; p__Firmicutes
106409	k__Bacteria; p__Spirochaetes
362210	k__Bacteria; p__Firmicutes
2312840	k__Bacteria; p__Firmicutes
1096841	k__Bacteria; p__Firmicutes
4345707	k__Bacteria; p__Bacteroidetes
334190	k__Bacteria; p__Actinobacteria
579101	k__Bacteria; p__Proteobacteria
1143596	k__Bacteria; p__Bacteroidetes
157716	k__Bacteria; p__Proteobacteria
102729	k__Bacteria; p__Firmicutes
552431	k__Bacteria; p__Actinobacteria
610859	k__Bacteria; p__Bacteroidetes
366709	k__Bacteria; p__Firmicutes
996434	k__Bacteria; p__Firmicutes
292377	k__Bacteria; p__Firmicutes
166079	k__Bacteria; p__Fusobacteria
120648	k__Bacteria; p__Firmicutes
107531	k__Bacteria; p__Proteobacteria
588648	k__Bacteria; p__Proteobacteria
177504	k__Bacteria; p__Firmicutes
4314051	k__Bacteria; p__Actinobacteria
3783179	k__Bacteria; p__Firmicutes
4355281	k__Bacteria; p__Proteobacteria
143101	k__Bacteria; p__Proteobacteria
4450210	k__Bacteria; p__Firmicutes
515945	k__Bacteria; p__Bacteroidetes
836609	k__Bacteria; p__Proteobacteria
845043	k__Bacteria; p__Firmicutes
956308	k__Bacteria; p__Bacteroidetes
4473675	k__Bacteria; p__Firmicutes
1120166	k__Bacteria; p__Proteobacteria
4332711	k__Bacteria; p__Firmicutes
1891602	k__Bacteria; p__Bacteroidetes
4450433	k__Bacteria; p__Firmicutes
1127433	k__Bacteria; p__Proteobacteria
11428	k__Bacteria; p__Actinobacteria
927170	k__Bacteria; p__Firmicutes
237772	k__Bacteria; p__Proteobacteria
4476741	k__Bacteria; p__Chloroflexi
1855583	k__Bacteria; p__Proteobacteria
583452	k__Bacteria; p__Actinobacteria
146603	k__Bacteria; p__Nitrospirae
187628	k__Bacteria; p__Bacteroidetes
275684	k__Bacteria; p__Firmicutes
3104855	k__Bacteria; p__Bacteroidetes
282778	k__Bacteria; p__Proteobacteria
3829809	k__Bacteria; p__Actinobacteria
5442	k__Bacteria; p__Proteobacteria
4400909	k__Bacteria; p__Firmicutes
306069	k__Bacteria; p__Firmicutes
4404469	k__Archaea; p__Euryarchaeota
362927	k__Bacteria; p__Firmicutes
4315367	k__Bacteria; p__Firmicutes
591785	k__Bacteria; p__Bacteroidetes
342761	k__Bacteria; p__Firmicutes
448857	k__Bacteria; p__Actinobacteria
1942600	k__Bacteria; p__Firmicutes
1147170	k__Bacteria; p__Tenericutes
1027683	k__Bacteria; p__Actinobacteria
569483	k__Bacteria; p__Proteobacteria
514711	k__Bacteria; p__Actinobacteria
192795	k__Bacteria; p__Proteobacteria
1087990	k__Bacteria; p__Bacteroidetes
844514	k__Bacteria; p__Firmicutes
845599	k__Archaea; p__Euryarchaeota
1624034	k__Bacteria; p__Bacteroidetes
167110	k__Bacteria; p__Firmicutes
392919	k__Bacteria; p__Proteobacteria
575111	k__Bacteria; p__Proteobacteria
4297960	k__Bacteria; p__Proteobacteria
1138138	k__Bacteria; p__Actinobacteria
514349	k__Bacteria; p__Firmicutes
156964	k__Bacteria; p__Firmicutes
302106	k__Bacteria; p__Synergistetes
4314814	k__Bacteria; p__Actinobacteria
205138	k__Bacteria; p__Firmicutes
974692	k__Bacteria; p__Firmicutes
352445	k__Bacteria; p__Firmicutes
848989	k__Bacteria; p__Bacteroidetes
4441664	k__Bacteria; p__Firmicutes
366141	k__Bacteria; p__Proteobacteria
105218	k__Bacteria; p__Proteobacteria
569207	k__Bacteria; p__Firmicutes
291684	k__Bacteria; p__Firmicutes
16091	k__Bacteria; p__Firmicutes
998112	k__Bacteria; p__Firmicutes
4323103	k__Bacteria; p__Firmicutes
618135	k__Bacteria; p__Proteobacteria
527660	k__Bacteria; p__Firmicutes
4434860	k__Bacteria; p__Firmicutes
364449	k__Bacteria; p__Firmicutes
514269	k__Bacteria; p__Bacteroidetes
713349	k__Bacteria; p__Proteobacteria
196473	k__Bacteria; p__Verrucomicrobia
4357022	k__Bacteria; p__Firmicutes
4427988	k__Bacteria; p__Proteobacteria
2923221	k__Bacteria; p__Proteobacteria
1869566	k__Bacteria; p__Firmicutes
4414015	k__Bacteria; p__Proteobacteria
143806	k__Bacteria; p__Chlorobi
129026	k__Bacteria; p__Proteobacteria
4431100	k__Bacteria; p__Actinobacteria
173153	k__Bacteria; p__Firmicutes
593781	k__Bacteria; p__Firmicutes
148528	k__Bacteria; p__Proteobacteria
3640668	k__Bacteria; p__Bacteroidetes
333972	k__Bacteria; p__Firmicutes
767952	k__Bacteria; p__Firmicutes
176405	k__Bacteria; p__Actinobacteria
1028796	k__Bacteria; p__Proteobacteria
580392	k__Bacteria; p__Firmicutes
1624481	k__Bacteria; p__Firmicutes
4310743	k__Bacteria; p__Actinobacteria
340644	k__Bacteria; p__Proteobacteria
83890	k__Bacteria; p__Proteobacteria
145056	k__Bacteria; p__Actinobacteria
235003	k__Bacteria; p__Proteobacteria
839270	k__Bacteria; p__Proteobacteria
523522	k__Bacteria; p__Bacteroidetes
4342525	k__Bacteria; p__Proteobacteria
4299925	k__Bacteria; p__Proteobacteria
198054	k__Bacteria; p__Firmicutes
973201	k__Bacteria; p__Bacteroidetes
16066	k__Bacteria; p__Firmicutes
706818	k__Bacteria; p__Proteobacteria
1008814	k__Bacteria; p__Firmicutes
2990913	k__Bacteria; p__Firmicutes
155406	k__Bacteria; p__Firmicutes
832724	k__Bacteria; p__Proteobacteria
1046935	k__Bacteria; p__Firmicutes
811623	k__Bacteria; p__Proteobacteria
678164	k__Bacteria; p__Firmicutes
3237716	k__Bacteria; p__Firmicutes
670573	k__Bacteria; p__Actinobacteria
112074	k__Archaea; p__Euryarchaeota
366987	k__Bacteria; p__Firmicutes
694789	k__Bacteria; p__Proteobacteria
8331	k__Bacteria; p__Proteobacteria
13953	k__Bacteria; p__Firmicutes
101298	k__Bacteria; p__Proteobacteria
735510	k__Bacteria; p__Proteobacteria
2968668	k__Bacteria; p__Proteobacteria
4317383	k__Bacteria; p__Proteobacteria
1124745	k__Bacteria; p__Actinobacteria
619450	k__Bacteria; p__Firmicutes
3321163	k__Bacteria; p__Firmicutes
819359	k__Bacteria; p__Actinobacteria
78075	k__Bacteria; p__Spirochaetes
173192	k__Bacteria; p__Firmicutes
366030	k__Bacteria; p__Firmicutes
12852	k__Bacteria; p__Actinobacteria
134201	k__Bacteria; p__Proteobacteria
518325	k__Bacteria; p__Bacteroidetes
190001	k__Bacteria; p__Proteobacteria
4295707	k__Bacteria; p__Firmicutes
357951	k__Bacteria; p__Verrucomicrobia
347453	k__Bacteria; p__Bacteroidetes
971934	k__Bacteria; p__Proteobacteria
4365543	k__Bacteria; p__Proteobacteria
302201	k__Bacteria; p__Firmicutes
330116	k__Bacteria; p__Firmicutes
929334	k__Bacteria; p__Firmicutes
704748	k__Archaea; p__Crenarchaeota
4411285	k__Bacteria; p__Proteobacteria
755	k__Archaea; p__Euryarchaeota
3661874	k__Bacteria; p__Actinobacteria
4306687	k__Bacteria; p__Proteobacteria
574034	k__Archaea; p__Euryarchaeota
587269	k__Bacteria; p__Firmicutes
141316	k__Bacteria; p__Proteobacteria
4352032	k__Bacteria; p__Actinobacteria
1040256	k__Bacteria; p__Actinobacteria
723193	k__Bacteria; p__Proteobacteria
958752	k__Bacteria; p__Firmicutes
649178	k__Bacteria; p__Actinobacteria
52643	k__Bacteria; p__Bacteroidetes
607381	k__Bacteria; p__Proteobacteria
1125844	k__Bacteria; p__Proteobacteria
312280	k__Bacteria; p__Firmicutes
914255	k__Bacteria; p__Firmicutes
936	k__Archaea; p__Crenarchaeota
14601	k__Bacteria; p__Firmicutes
444778	k__Bacteria; p__Actinobacteria
732545	k__Bacteria; p__Cyanobacteria
821146	k__Bacteria; p__Firmicutes
926796	k__Bacteria; p__Actinobacteria
557633	k__Bacteria; p__Actinobacteria
4364121	k__Bacteria; p__Actinobacteria
320332	k__Bacteria; p__Firmicutes
921571	k__Bacteria; p__Proteobacteria
542917	k__Bacteria; p__Proteobacteria
4425623	k__Bacteria; p__Firmicutes
997957	k__Bacteria; p__Proteobacteria
3754064	k__Bacteria; p__Proteobacteria
553666	k__Bacteria; p__Firmicutes
4367627	k__Bacteria; p__Proteobacteria
894641	k__Bacteria; p__Firmicutes
1048419	k__Bacteria; p__Firmicutes
4442777	k__Bacteria; p__Proteobacteria
4388113	k__Bacteria; p__Bacteroidetes
321074	k__Bacteria; p__Bacteroidetes
955678	k__Bacteria; p__Proteobacteria
4363201	k__Bacteria; p__Bacteroidetes
572231	k__Bacteria; p__Actinobacteria
4374198	k__Bacteria; p__Firmicutes
1134145	k__Bacteria; p__Actinobacteria
1856851	k__Bacteria; p__Firmicutes
3178296	k__Bacteria; p__Actinobacteria
140910	k__Bacteria; p__Proteobacteria
130007	k__Bacteria; p__Bacteroidetes
434865	k__Bacteria; p__Actinobacteria
822688	k__Bacteria; p__Firmicutes
13469	k__Bacteria; p__Actinobacteria
361166	k__Bacteria; p__Firmicutes
968322	k__Bacteria; p__Firmicutes
515257	k__Bacteria; p__Proteobacteria
342612	k__Bacteria; p__Firmicutes
578231	k__Bacteria; p__Proteobacteria
528303	k__Bacteria; p__Bacteroidetes
938100	k__Bacteria; p__Firmicutes
718330	k__Bacteria; p__Nitrospirae
842236	k__Bacteria; p__Firmicutes
701877	k__Bacteria; p__Actinobacteria
239953	k__Bacteria; p__Proteobacteria
4410938	k__Bacteria; p__Firmicutes
4308518	k__Bacteria; p__Firmicutes
509521	k__Bacteria; p__Firmicutes
4423201	k__Bacteria; p__Bacteroidetes
173565	k__Bacteria; p__Bacteroidetes
39861	k__Bacteria; p__Proteobacteria
996487	k__Bacteria; p__Firmicutes
270818	k__Bacteria; p__Actinobacteria
74888	k__Bacteria; p__Proteobacteria
4476036	k__Bacteria; p__Firmicutes
151684	k__Bacteria; p__Actinobacteria
3480243	k__Bacteria; p__Bacteroidetes
309370	k__Bacteria; p__Firmicutes
929099	k__Bacteria; p__Firmicutes
309699	k__Bacteria; p__Proteobacteria
2578374	k__Bacteria; p__Firmicutes
7344	k__Bacteria; p__Proteobacteria
1094839	k__Bacteria; p__Firmicutes
262869	k__Bacteria; p__Firmicutes
4478591	k__Bacteria; p__Proteobacteria
110221	k__Bacteria; p__Firmicutes
656310	k__Bacteria; p__Proteobacteria
2297611	k__Bacteria; p__Proteobacteria
4342221	k__Bacteria; p__Actinobacteria
109728	k__Bacteria; p__Proteobacteria
4301001	k__Bacteria; p__Bacteroidetes
532163	k__Bacteria; p__Proteobacteria
4344752	k__Bacteria; p__Firmicutes
228156	k__Bacteria; p__Proteobacteria
188486	k__Bacteria; p__Proteobacteria
4440538	k__Bacteria; p__Firmicutes
4366854	k__Bacteria; p__Firmicutes
14997	k__Bacteria; p__Firmicutes
351084	k__Bacteria; p__Firmicutes
4435408	k__Bacteria; p__Actinobacteria
1062968	k__Bacteria; p__Firmicutes
2682867	k__Bacteria; p__Proteobacteria
4481629	k__Bacteria; p__Firmicutes
517885	k__Bacteria; p__Bacteroidetes
4323865	k__Bacteria; p__Firmicutes
164641	k__Bacteria; p__Proteobacteria
338414	k__Bacteria; p__Firmicutes
4354986	k__Bacteria; p__Bacteroidetes
126199	k__Bacteria; p__Proteobacteria
2605029	k__Bacteria; p__Proteobacteria
962474	k__Bacteria; p__Actinobacteria
2022301	k__Bacteria; p__Firmicutes
182053	k__Bacteria; p__Firmicutes
380804	k__Bacteria; p__Bacteroidetes
4418950	k__Bacteria; p__Firmicutes
4153278	k__Bacteria; p__Firmicutes
62974	k__Bacteria; p__Proteobacteria
4312977	k__Bacteria; p__Proteobacteria
4462747	k__Bacteria; p__Actinobacteria
160310	k__Bacteria; p__Proteobacteria
652802	k__Bacteria; p__Firmicutes
263929	k__Bacteria; p__Proteobacteria
4395327	k__Bacteria; p__Proteobacteria
203699	k__Bacteria; p__Proteobacteria
1084592	k__Bacteria; p__Firmicutes
321528	k__Bacteria; p__Actinobacteria
4427919	k__Bacteria; p__Firmicutes
142844	k__Bacteria; p__Firmicutes
1131267	k__Bacteria; p__Actinobacteria
4299044	k__Bacteria; p__Proteobacteria
4469924	k__Bacteria; p__Firmicutes
527085	k__Bacteria; p__Bacteroidetes
149845	k__Bacteria; p__Bacteroidetes
561718	k__Bacteria; p__Proteobacteria
4406299	k__Bacteria; p__Actinobacteria
295485	k__Bacteria; p__Firmicutes
835811	k__Bacteria; p__Proteobacteria
2091539	k__Bacteria; p__Firmicutes
4446742	k__Bacteria; p__Proteobacteria
1121107	k__Bacteria; p__Proteobacteria
4416373	k__Bacteria; p__Actinobacteria
579457	k__Bacteria; p__Firmicutes
267852	k__Bacteria; p__Proteobacteria
160095	k__Bacteria; p__Proteobacteria
189463	k__Bacteria; p__Firmicutes
272759	k__Bacteria; p__Proteobacteria
1140861	k__Bacteria; p__Proteobacteria
798581	k__Bacteria; p__Firmicutes
301673	k__Bacteria; p__Tenericutes
681002	k__Bacteria; p__Proteobacteria
519829	k__Bacteria; p__Firmicutes
4448516	k__Bacteria; p__Actinobacteria
145149	k__Bacteria; p__Firmicutes
4386082	k__Bacteria; p__Bacteroidetes
4462425	k__Bacteria; p__Firmicutes
832039	k__Bacteria; p__Fusobacteria
704714	k__Bacteria; p__Bacteroidetes
196296	k__Bacteria; p__Bacteroidetes
4462058	k__Bacteria; p__Proteobacteria
372096	k__Bacteria; p__Firmicutes
4479977	k__Bacteria; p__Bacteroidetes
4416815	k__Bacteria; p__Bacteroidetes
567444	k__Bacteria; p__Actinobacteria
1039511	k__Bacteria; p__Firmicutes
354484	k__Bacteria; p__Firmicutes
4425401	k__Bacteria; p__Firmicutes
693272	k__Bacteria; p__Firmicutes
4458301	k__Bacteria; p__Bacteroidetes
4130483	k__Bacteria; p__Firmicutes
1089225	k__Bacteria; p__Actinobacteria
10489	k__Bacteria; p__Proteobacteria
1076016	k__Bacteria; p__Proteobacteria
297804	k__Bacteria; p__Firmicutes
542986	k__Bacteria; p__Firmicutes
108961	k__Archaea; p__Crenarchaeota
564247	k__Bacteria; p__Firmicutes
333775	k__Bacteria; p__Firmicutes
4438221	k__Bacteria; p__Bacteroidetes
167438	k__Bacteria; p__Proteobacteria
4405903	k__Bacteria; p__Firmicutes
2106896	k__Bacteria; p__Proteobacteria
3998428	k__Bacteria; p__Actinobacteria
178131	k__Bacteria; p__Firmicutes
812297	k__Archaea; p__Euryarchaeota
194041	k__Bacteria; p__Firmicutes
4371731	k__Bacteria; p__Firmicutes
1010118	k__Bacteria; p__Firmicutes
4401864	k__Bacteria; p__Proteobacteria
4356623	k__Bacteria; p__Firmicutes
221379	k__Bacteria; p__Actinobacteria
4417442	k__Bacteria; p__Proteobacteria
142491	k__Bacteria; p__Proteobacteria
221286	k__Bacteria; p__Proteobacteria
4351400	k__Bacteria; p__Cyanobacteria
339646	k__Bacteria; p__Bacteroidetes
524170	k__Bacteria; p__Firmicutes
3547941	k__Bacteria; p__Firmicutes
4317643	k__Bacteria; p__Actinobacteria
4341243	k__Bacteria; p__Bacteroidetes
4408687	k__Bacteria; p__Proteobacteria
251243	k__Bacteria; p__Firmicutes
1065082	k__Bacteria; p__Actinobacteria
929236	k__Bacteria; p__Firmicutes
2041373	k__Bacteria; p__Firmicutes
4473865	k__Bacteria; p__Firmicutes
1141545	k__Bacteria; p__Bacteroidetes
171377	k__Bacteria; p__Proteobacteria
249556	k__Bacteria; p__Proteobacteria
901762	k__Bacteria; p__Firmicutes
4479910	k__Bacteria; p__Actinobacteria
520487	k__Bacteria; p__Bacteroidetes
744028	k__Bacteria; p__Proteobacteria
584702	k__Bacteria; p__Thermotogae
146646	k__Bacteria; p__Proteobacteria
917156	k__Bacteria; p__Firmicutes
4460537	k__Bacteria; p__Proteobacteria
152763	k__Bacteria; p__Proteobacteria
909798	k__Bacteria; p__Firmicutes
179147	k__Bacteria; p__Firmicutes
1055882	k__Bacteria; p__Proteobacteria
1138066	k__Bacteria; p__Proteobacteria
191683	k__Bacteria; p__Firmicutes
4484060	k__Bacteria; p__Proteobacteria
4330432	k__Bacteria; p__Bacteroidetes
742330	k__Bacteria; p__Spirochaetes
182152	k__Bacteria; p__Actinobacteria
195103	k__Bacteria; p__Firmicutes
4372491	k__Bacteria; p__Actinobacteria
10305	k__Bacteria; p__Proteobacteria
553192	k__Bacteria; p__Proteobacteria
956182	k__Bacteria; p__Proteobacteria
2180021	k__Bacteria; p__Firmicutes
3208510	k__Bacteria; p__Actinobacteria
4376912	k__Bacteria; p__Proteobacteria
924919	k__Bacteria; p__Verrucomicrobia
333684	k__Bacteria; p__Firmicutes
4339173	k__Bacteria; p__Actinobacteria
635820	k__Bacteria; p__Firmicutes
3033413	k__Bacteria; p__Firmicutes
541199	k__Bacteria; p__Proteobacteria
4475758	k__Bacteria; p__Firmicutes
1113811	k__Bacteria; p__Firmicutes
449086	k__Bacteria; p__Actinobacteria
331760	k__Bacteria; p__Verrucomicrobia
984766	k__Bacteria; p__Firmicutes
4407193	k__Bacteria; p__Firmicutes
533769	k__Bacteria; p__Actinobacteria
929661	k__Bacteria; p__Firmicutes
4341921	k__Bacteria; p__Firmicutes
818516	k__Bacteria; p__Firmicutes
1759712	k__Bacteria; p__Proteobacteria
668105	k__Bacteria; p__Proteobacteria
4322574	k__Bacteria; p__Proteobacteria
4434662	k__Bacteria; p__Firmicutes
185854	k__Bacteria; p__Firmicutes
208739	k__Bacteria; p__Firmicutes
102680	k__Bacteria; p__Firmicutes
586902	k__Bacteria; p__Proteobacteria
194256	k__Bacteria; p__Proteobacteria
560935	k__Bacteria; p__Proteobacteria
4326955	k__Bacteria; p__Bacteroidetes
148081	k__Bacteria; p__Proteobacteria
131429	k__Bacteria; p__Proteobacteria
516259	k__Bacteria; p__Bacteroidetes
355066	k__Bacteria; p__Proteobacteria
4377053	k__Bacteria; p__Proteobacteria
4410187	k__Bacteria; p__Actinobacteria
236091	k__Bacteria; p__Proteobacteria
3457677	k__Bacteria; p__Firmicutes
1046917	k__Bacteria; p__Firmicutes
4466966	k__Bacteria; p__Proteobacteria
38918	k__Bacteria; p__Proteobacteria
107235	k__Bacteria; p__Firmicutes
788678	k__Bacteria; p__Thermi
1825542	k__Bacteria; p__Firmicutes
320291	k__Bacteria; p__Bacteroidetes
173758	k__Bacteria; p__Firmicutes
3947043	k__Bacteria; p__Firmicutes
1059416	k__Bacteria; p__Firmicutes
540823	k__Bacteria; p__Actinobacteria
992242	k__Bacteria; p__Firmicutes
1928917	k__Bacteria; p__Firmicutes
439559	k__Bacteria; p__Firmicutes
470117	k__Bacteria; p__Firmicutes
3909070	k__Bacteria; p__Bacteroidetes
321972	k__Bacteria; p__Bacteroidetes
1132808	k__Archaea; p__Crenarchaeota
71703	k__Bacteria; p__Tenericutes
593337	k__Bacteria; p__Firmicutes
4482228	k__Bacteria; p__Firmicutes
2852075	k__Bacteria; p__Firmicutes
246662	k__Bacteria; p__Proteobacteria
16118	k__Bacteria; p__Firmicutes
816317	k__Bacteria; p__Firmicutes
570385	k__Bacteria; p__Proteobacteria
297241	k__Bacteria; p__Firmicutes
972097	k__Bacteria; p__Firmicutes
1776251	k__Bacteria; p__Firmicutes
863051	k__Bacteria; p__Proteobacteria
809283	k__Bacteria; p__Proteobacteria
310803	k__Bacteria; p__Firmicutes
1003559	k__Bacteria; p__Firmicutes
890334	k__Bacteria; p__Firmicutes
4471733	k__Bacteria; p__Firmicutes
824703	k__Bacteria; p__Firmicutes
517054	k__Bacteria; p__Bacteroidetes
3308	k__Bacteria; p__Cyanobacteria
335021	k__Bacteria; p__Firmicutes
4200912	k__Bacteria; p__Firmicutes
644016	k__Bacteria; p__Proteobacteria
159665	k__Bacteria; p__Actinobacteria
2484	k__Bacteria; p__Bacteroidetes
287919	k__Bacteria; p__Firmicutes
812850	k__Bacteria; p__Actinobacteria
295031	k__Bacteria; p__Proteobacteria
89521	k__Bacteria; p__Chlamydiae
102733	k__Bacteria; p__Proteobacteria
71392	k__Bacteria; p__Actinobacteria
3013586	k__Bacteria; p__Firmicutes
4408820	k__Bacteria; p__Proteobacteria
43696	k__Bacteria; p__Proteobacteria
1019769	k__Bacteria; p__Actinobacteria
844466	k__Bacteria; p__Bacteroidetes
549862	k__Bacteria; p__Proteobacteria
4125817	k__Bacteria; p__Firmicutes
298418	k__Bacteria; p__Firmicutes
1080448	k__Bacteria; p__Proteobacteria
612404	k__Bacteria; p__Proteobacteria
4411924	k__Bacteria; p__Bacteroidetes
1983042	k__Bacteria; p__Firmicutes
3786232	k__Bacteria; p__Bacteroidetes
994345	k__Bacteria; p__Actinobacteria
2713640	k__Bacteria; p__Firmicutes
530942	k__Bacteria; p__Bacteroidetes
581361	k__Bacteria; p__Proteobacteria
1892389	k__Bacteria; p__Proteobacteria
152870	k__Bacteria; p__Proteobacteria
326209	k__Bacteria; p__Proteobacteria
561151	k__Bacteria; p__Bacteroidetes
299334	k__Bacteria; p__Fusobacteria
1087991	k__Bacteria; p__Firmicutes
186374	k__Bacteria; p__Proteobacteria
4109723	k__Bacteria; p__Proteobacteria
509917	k__Bacteria; p__Firmicutes
825999	k__Bacteria; p__Firmicutes
140856	k__Bacteria; p__Proteobacteria
4361455	k__Bacteria; p__Proteobacteria
10079	k__Bacteria; p__Proteobacteria
901850	k__Bacteria; p__Actinobacteria
260856	k__Bacteria; p__Cyanobacteria
5594	k__Bacteria; p__Proteobacteria
175932	k__Bacteria; p__Firmicutes
4386742	k__Bacteria; p__Bacteroidetes
4375209	k__Bacteria; p__Proteobacteria
228856	k__Bacteria; p__Proteobacteria
515804	k__Bacteria; p__Firmicutes
4416544	k__Bacteria; p__Bacteroidetes
900293	k__Bacteria; p__Firmicutes
191086	k__Bacteria; p__Firmicutes
177775	k__Bacteria; p__Firmicutes
519723	k__Bacteria; p__Firmicutes
699249	k__Bacteria; p__Proteobacteria
271476	k__Bacteria; p__Firmicutes
144805	k__Bacteria; p__Bacteroidetes
46716	k__Bacteria; p__Firmicutes
102745	k__Bacteria; p__Proteobacteria
4421738	k__Bacteria; p__Proteobacteria
363642	k__Bacteria; p__Firmicutes
821948	k__Bacteria; p__Firmicutes
912935	k__Bacteria; p__Firmicutes
4475345	k__Bacteria; p__Spirochaetes
3003947	k__Bacteria; p__Proteobacteria
2246524	k__Bacteria; p__Proteobacteria
165589	k__Bacteria; p__Bacteroidetes
185821	k__Bacteria; p__Firmicutes
826666	k__Bacteria; p__Proteobacteria
523155	k__Bacteria; p__Firmicutes
353662	k__Bacteria; p__Firmicutes
4445071	k__Bacteria; p__Firmicutes
666777	k__Bacteria; p__Firmicutes
4464803	k__Bacteria; p__Firmicutes
431737	k__Bacteria; p__Firmicutes
1066481	k__Bacteria; p__Firmicutes
731856	k__Bacteria; p__Proteobacteria
4402709	k__Bacteria; p__Firmicutes
260529	k__Bacteria; p__Firmicutes
4460520	k__Bacteria; p__Proteobacteria
566849	k__Bacteria; p__Actinobacteria
4331574	k__Bacteria; p__Bacteroidetes
523357	k__Bacteria; p__Bacteroidetes
4419615	k__Bacteria; p__Firmicutes
251714	k__Bacteria; p__Bacteroidetes
531948	k__Bacteria; p__Bacteroidetes
4423039	k__Bacteria; p__Proteobacteria
4327586	k__Bacteria; p__Actinobacteria
714339	k__Bacteria; p__Firmicutes
882886	k__Bacteria; p__Bacteroidetes
310173	k__Bacteria; p__Firmicutes
530482	k__Bacteria; p__Firmicutes
787042	k__Bacteria; p__Proteobacteria
370287	k__Bacteria; p__Firmicutes
277320	k__Bacteria; p__Actinobacteria
115190	k__Bacteria; p__Firmicutes
556418	k__Bacteria; p__Proteobacteria
1729776	k__Bacteria; p__Firmicutes
113182	k__Bacteria; p__Proteobacteria
685156	k__Bacteria; p__Firmicutes
849938	k__Bacteria; p__Bacteroidetes
192366	k__Bacteria; p__Firmicutes
508188	k__Bacteria; p__Bacteroidetes
177534	k__Bacteria; p__Bacteroidetes
244401	k__Bacteria; p__Actinobacteria
546984	k__Bacteria; p__Proteobacteria
162286	k__Bacteria; p__Proteobacteria
654461	k__Bacteria; p__Firmicutes
4478476	k__Bacteria; p__Bacteroidetes
106754	k__Bacteria; p__Cyanobacteria
4437190	k__Bacteria; p__Proteobacteria
4477388	k__Bacteria; p__Actinobacteria
300565	k__Bacteria; p__Firmicutes
4425523	k__Bacteria; p__Firmicutes
4300505	k__Bacteria; p__Bacteroidetes
1021000	k__Bacteria; p__Proteobacteria
17434	k__Bacteria; p__Proteobacteria
697027	k__Bacteria; p__Actinobacteria
971700	k__Bacteria; p__Firmicutes
4443124	k__Bacteria; p__Bacteroidetes
340782	k__Bacteria; p__Proteobacteria
4320919	k__Bacteria; p__Proteobacteria
845377	k__Bacteria; p__Bacteroidetes
623051	k__Bacteria; p__Firmicutes
261248	k__Bacteria; p__Actinobacteria
1132553	k__Bacteria; p__Proteobacteria
3036640	k__Bacteria; p__Firmicutes
4332505	k__Bacteria; p__Firmicutes
81849	k__Bacteria; p__Firmicutes
4371595	k__Bacteria; p__Bacteroidetes
3192266	k__Bacteria; p__Proteobacteria
155628	k__Bacteria; p__Proteobacteria
350563	k__Bacteria; p__Proteobacteria
4309048	k__Bacteria; p__Firmicutes
4333257	k__Bacteria; p__Proteobacteria
179446	k__Bacteria; p__Verrucomicrobia
579797	k__Bacteria; p__Proteobacteria
1059664	k__Bacteria; p__Firmicutes
843421	k__Bacteria; p__Bacteroidetes
520110	k__Bacteria; p__Firmicutes
4370558	k__Bacteria; p__Firmicutes
822921	k__Bacteria; p__Proteobacteria
14214	k__Bacteria; p__Firmicutes
577151	k__Bacteria; p__Firmicutes
4332864	k__Bacteria; p__Proteobacteria
29924	k__Bacteria; p__Proteobacteria
103423	k__Bacteria; p__Proteobacteria
77675	k__Bacteria; p__Proteobacteria
851716	k__Bacteria; p__Firmicutes
4381971	k__Bacteria; p__Firmicutes
4425750	k__Bacteria; p__Firmicutes
988314	k__Bacteria; p__Proteobacteria
170837	k__Bacteria; p__Fusobacteria
552528	k__Bacteria; p__Bacteroidetes
199753	k__Bacteria; p__Firmicutes
4476691	k__Bacteria; p__Proteobacteria
653550	k__Archaea; p__Crenarchaeota
13763	k__Bacteria; p__Firmicutes
142888	k__Bacteria; p__Proteobacteria
4341867	k__Bacteria; p__Bacteroidetes
805453	k__Bacteria; p__Firmicutes
4015729	k__Bacteria; p__Firmicutes
4364044	k__Bacteria; p__Proteobacteria
291654	k__Bacteria; p__Firmicutes
4419478	k__Bacteria; p__Actinobacteria
362559	k__Bacteria; p__Firmicutes
873889	k__Bacteria; p__Firmicutes
991314	k__Bacteria; p__Actinobacteria
1025853	k__Bacteria; p__Actinobacteria
985871	k__Bacteria; p__Bacteroidetes
1074248	k__Bacteria; p__Proteobacteria
912297	k__Bacteria; p__Proteobacteria
810888	k__Bacteria; p__Firmicutes
4414778	k__Bacteria; p__Actinobacteria
404948	k__Bacteria; p__Actinobacteria
4415832	k__Bacteria; p__Firmicutes
321301	k__Bacteria; p__Proteobacteria
717955	k__Bacteria; p__Firmicutes
292673	k__Bacteria; p__Proteobacteria
1126913	k__Bacteria; p__Proteobacteria
154507	k__Bacteria; p__Firmicutes
104319	k__Bacteria; p__Firmicutes
4448305	k__Bacteria; p__Firmicutes
101913	k__Bacteria; p__Firmicutes
180797	k__Bacteria; p__Firmicutes
1107385	k__Bacteria; p__Firmicutes
110855	k__Bacteria; p__Bacteroidetes
554085	k__Bacteria; p__Actinobacteria
958078	k__Bacteria; p__Bacteroidetes
13879	k__Bacteria; p__Firmicutes
304975	k__Bacteria; p__Firmicutes
2800178	k__Bacteria; p__Bacteroidetes
63969	k__Bacteria; p__Actinobacteria
645645	k__Bacteria; p__Firmicutes
292921	k__Bacteria; p__Bacteroidetes
340715	k__Bacteria; p__Firmicutes
1022452	k__Bacteria; p__Actinobacteria
532013	k__Bacteria; p__Bacteroidetes
4373	k__Bacteria; p__Spirochaetes
4349614	k__Bacteria; p__Planctomycetes
192362	k__Bacteria; p__Firmicutes
518281	k__Bacteria; p__Bacteroidetes
3562592	k__Bacteria; p__Proteobacteria
4317108	k__Bacteria; p__Proteobacteria
4166220	k__Bacteria; p__Firmicutes
4379945	k__Bacteria; p__Proteobacteria
637350	k__Bacteria; p__Bacteroidetes
1049730	k__Bacteria; p__Firmicutes
4482195	k__Bacteria; p__Firmicutes
4480550	k__Bacteria; p__Firmicutes
585495	k__Bacteria; p__Proteobacteria
4344098	k__Bacteria; p__Proteobacteria
4431361	k__Bacteria; p__Proteobacteria
2805372	k__Bacteria; p__Bacteroidetes
4476762	k__Bacteria; p__Spirochaetes
303161	k__Bacteria; p__Firmicutes
2174317	k__Bacteria; p__Proteobacteria
263449	k__Bacteria; p__Proteobacteria
3555677	k__Bacteria; p__Spirochaetes
8185	k__Bacteria; p__Proteobacteria
1029720	k__Bacteria; p__Proteobacteria
1136234	k__Bacteria; p__Proteobacteria
2849733	k__Bacteria; p__Firmicutes
938027	k__Bacteria; p__Firmicutes
702853	k__Bacteria; p__Proteobacteria
1505573	k__Bacteria; p__Firmicutes
1027318	k__Bacteria; p__Actinobacteria
190753	k__Bacteria; p__Actinobacteria
186568	k__Bacteria; p__Firmicutes
4479081	k__Bacteria; p__Proteobacteria
219903	k__Bacteria; p__Firmicutes
215590	k__Bacteria; p__Firmicutes
16103	k__Bacteria; p__Firmicutes
4464863	k__Bacteria; p__Actinobacteria
651897	k__Bacteria; p__Bacteroidetes
1063320	k__Bacteria; p__Proteobacteria
977678	k__Bacteria; p__Firmicutes
237559	k__Bacteria; p__Proteobacteria
12036	k__Bacteria; p__Actinobacteria
1133834	k__Bacteria; p__Proteobacteria
411486	k__Bacteria; p__Firmicutes
1131683	k__Bacteria; p__Actinobacteria
621799	k__Bacteria; p__Firmicutes
266742	k__Bacteria; p__Firmicutes
247027	k__Bacteria; p__Proteobacteria
161409	k__Bacteria; p__Acidobacteria
302285	k__Bacteria; p__Bacteroidetes
1079894	k__Bacteria; p__Firmicutes
178874	k__Bacteria; p__Actinobacteria
582564	k__Bacteria; p__Bacteroidetes
51665	k__Bacteria; p__Proteobacteria
834006	k__Bacteria; p__Bacteroidetes
12136	k__Bacteria; p__Actinobacteria
4343079	k__Bacteria; p__Bacteroidetes
268297	k__Bacteria; p__Firmicutes
4362614	k__Archaea; p__Crenarchaeota
527333	k__Bacteria; p__Bacteroidetes
194657	k__Bacteria; p__Firmicutes
849361	k__Bacteria; p__Actinobacteria
262771	k__Bacteria; p__Firmicutes
1585210	k__Bacteria; p__Bacteroidetes
4417915	k__Bacteria; p__Bacteroidetes
4611	k__Bacteria; p__Proteobacteria
520763	k__Bacteria; p__Firmicutes
277418	k__Bacteria; p__Proteobacteria
262713	k__Bacteria; p__Firmicutes
565396	k__Bacteria; p__Firmicutes
359437	k__Bacteria; p__Firmicutes
625193	k__Bacteria; p__Bacteroidetes
199007	k__Bacteria; p__Firmicutes
571767	k__Bacteria; p__Proteobacteria
119010	k__Bacteria; p__Proteobacteria
3895515	k__Bacteria; p__Firmicutes
500484	k__Bacteria; p__Proteobacteria
1001255	k__Bacteria; p__Actinobacteria
4463332	k__Bacteria; p__Bacteroidetes
866797	k__Bacteria; p__Bacteroidetes
759349	k__Bacteria; p__Firmicutes
369311	k__Bacteria; p__Firmicutes
394260	k__Bacteria; p__Actinobacteria
525880	k__Bacteria; p__Bacteroidetes
812557	k__Bacteria; p__Proteobacteria
509636	k__Bacteria; p__Bacteroidetes
43638	k__Bacteria; p__Bacteroidetes
152595	k__Bacteria; p__Proteobacteria
1115511	k__Bacteria; p__Proteobacteria
522853	k__Bacteria; p__Bacteroidetes
344189	k__Bacteria; p__Proteobacteria
287648	k__Bacteria; p__Proteobacteria
1124158	k__Bacteria; p__Actinobacteria
821517	k__Bacteria; p__Proteobacteria
241289	k__Bacteria; p__Proteobacteria
513242	k__Bacteria; p__Bacteroidetes
349095	k__Bacteria; p__Proteobacteria
2088685	k__Bacteria; p__Actinobacteria
4475516	k__Bacteria; p__Actinobacteria
148100	k__Bacteria; p__Proteobacteria
3226310	k__Bacteria; p__Firmicutes
537158	k__Bacteria; p__Proteobacteria
105450	k__Bacteria; p__Proteobacteria
100937	k__Bacteria; p__Actinobacteria
4410166	k__Bacteria; p__Bacteroidetes
1142415	k__Bacteria; p__Proteobacteria
691592	k__Bacteria; p__Proteobacteria
29012	k__Bacteria; p__Firmicutes
160222	k__Bacteria; p__Proteobacteria
1074993	k__Bacteria; p__Actinobacteria
824610	k__Bacteria; p__Proteobacteria
4436904	k__Bacteria; p__Proteobacteria
187336	k__Bacteria; p__Firmicutes
850108	k__Bacteria; p__Proteobacteria
141251	k__Bacteria; p__Bacteroidetes
164066	k__Bacteria; p__Firmicutes
1083876	k__Bacteria; p__Actinobacteria
235828	k__Bacteria; p__Tenericutes
4432796	k__Bacteria; p__Proteobacteria
888219	k__Bacteria; p__Proteobacteria
192963	k__Bacteria; p__Verrucomicrobia
644798	k__Bacteria; p__Proteobacteria
537457	k__Bacteria; p__Firmicutes
2247378	k__Bacteria; p__Firmicutes
2312551	k__Bacteria; p__Proteobacteria
100362	k__Archaea; p__Euryarchaeota
920852	k__Bacteria; p__Actinobacteria
557564	k__Bacteria; p__Actinobacteria
3995515	k__Bacteria; p__Bacteroidetes
1128038	k__Bacteria; p__Actinobacteria
950771	k__Bacteria; p__Actinobacteria
2062112	k__Bacteria; p__Bacteroidetes
163631	k__Bacteria; p__Proteobacteria
524580	k__Bacteria; p__Firmicutes
293127	k__Bacteria; p__Bacteroidetes
807914	k__Bacteria; p__Proteobacteria
1720567	k__Bacteria; p__Proteobacteria
4362320	k__Bacteria; p__Proteobacteria
730249	k__Bacteria; p__Firmicutes
170753	k__Bacteria; p__Proteobacteria
524830	k__Bacteria; p__Firmicutes
3908639	k__Bacteria; p__Proteobacteria
4321911	k__Bacteria; p__Bacteroidetes
522392	k__Bacteria; p__Bacteroidetes
593043	k__Bacteria; p__Verrucomicrobia
340133	k__Bacteria; p__Proteobacteria
4309527	k__Bacteria; p__Proteobacteria
91986	k__Bacteria; p__Proteobacteria
676089	k__Bacteria; p__Bacteroidetes
419448	k__Bacteria; p__Proteobacteria
4480060	k__Bacteria; p__Proteobacteria
4318658	k__Bacteria; p__Bacteroidetes
635635	k__Bacteria; p__Proteobacteria
170458	k__Bacteria; p__Fusobacteria
3865727	k__Bacteria; p__Actinobacteria
107976	k__Bacteria; p__Cyanobacteria
664732	k__Bacteria; p__Proteobacteria
290360	k__Bacteria; p__Actinobacteria
1091495	k__Bacteria; p__Actinobacteria
360626	k__Bacteria; p__Firmicutes
2599	k__Bacteria; p__Bacteroidetes
4319186	k__Bacteria; p__Spirochaetes
1030625	k__Bacteria; p__Firmicutes
244700	k__Bacteria; p__Bacteroidetes
8491	k__Bacteria; p__Proteobacteria
325653	k__Bacteria; p__Bacteroidetes
108774	k__Bacteria; p__Proteobacteria
198956	k__Bacteria; p__Firmicutes
986096	k__Bacteria; p__Firmicutes
207179	k__Bacteria; p__Firmicutes
436848	k__Bacteria; p__Actinobacteria
3606810	k__Bacteria; p__Proteobacteria
308598	k__Bacteria; p__Bacteroidetes
799124	k__Bacteria; p__Proteobacteria
4460638	k__Bacteria; p__Firmicutes
277484	k__Bacteria; p__Bacteroidetes
157414	k__Bacteria; p__Firmicutes
257202	k__Bacteria; p__Firmicutes
972677	k__Bacteria; p__Actinobacteria
999308	k__Bacteria; p__Actinobacteria
574504	k__Bacteria; p__Actinobacteria
14449	k__Bacteria; p__Firmicutes
4483006	k__Bacteria; p__Firmicutes
4435582	k__Bacteria; p__Firmicutes
2963267	k__Bacteria; p__Bacteroidetes
51018	k__Bacteria; p__Firmicutes
4305412	k__Bacteria; p__Proteobacteria
2660124	k__Bacteria; p__Firmicutes
969114	k__Bacteria; p__Firmicutes
50025	k__Bacteria; p__Actinobacteria
2199509	k__Bacteria; p__Actinobacteria
81554	k__Bacteria; p__Cyanobacteria
4481420	k__Bacteria; p__Firmicutes
4443102	k__Bacteria; p__Proteobacteria
197321	k__Bacteria; p__Firmicutes
240894	k__Bacteria; p__Proteobacteria
188646	k__Bacteria; p__Firmicutes
4368621	k__Bacteria; p__Actinobacteria
354078	k__Bacteria; p__Proteobacteria
4360273	k__Bacteria; p__Bacteroidetes
294127	k__Bacteria; p__Firmicutes
4359744	k__Bacteria; p__Firmicutes
382966	k__Bacteria; p__Actinobacteria
109364	k__Bacteria; p__Bacteroidetes
2854945	k__Bacteria; p__Proteobacteria
266689	k__Bacteria; p__Proteobacteria
980108	k__Bacteria; p__Firmicutes
4296214	k__Bacteria; p__Firmicutes
5066	k__Bacteria; p__Proteobacteria
1058762	k__Bacteria; p__Actinobacteria
4334651	k__Bacteria; p__Bacteroidetes
3665062	k__Bacteria; p__Proteobacteria
4355305	k__Bacteria; p__Actinobacteria
303283	k__Bacteria; p__Bacteroidetes
4327628	k__Bacteria; p__Proteobacteria
518253	k__Bacteria; p__Proteobacteria
4392950	k__Bacteria; p__Proteobacteria
255732	k__Bacteria; p__Actinobacteria
4482214	k__Bacteria; p__Bacteroidetes
199229	k__Bacteria; p__Actinobacteria
517938	k__Bacteria; p__Firmicutes
300563	k__Bacteria; p__Firmicutes
593219	k__Bacteria; p__Firmicutes
9402	k__Bacteria; p__Proteobacteria
868678	k__Bacteria; p__Actinobacteria
12966	k__Bacteria; p__Actinobacteria
4446208	k__Bacteria; p__Bacteroidetes
801294	k__Bacteria; p__Proteobacteria
1075940	k__Bacteria; p__Actinobacteria
4440171	k__Bacteria; p__Bacteroidetes
110923	k__Bacteria; p__Deferribacteres
3152649	k__Bacteria; p__Firmicutes
358231	k__Bacteria; p__Firmicutes
302364	k__Bacteria; p__Firmicutes
24490	k__Bacteria; p__Firmicutes
192566	k__Bacteria; p__Firmicutes
265735	k__Bacteria; p__Verrucomicrobia
263070	k__Bacteria; p__Bacteroidetes
187365	k__Bacteria; p__Firmicutes
2692150	k__Bacteria; p__Proteobacteria
520294	k__Bacteria; p__Bacteroidetes
289334	k__Bacteria; p__Firmicutes
649665	k__Bacteria; p__Actinobacteria
192231	k__Bacteria; p__Firmicutes
4295165	k__Bacteria; p__Actinobacteria
4461871	k__Bacteria; p__Proteobacteria
3186320	k__Bacteria; p__Firmicutes
70424	k__Bacteria; p__Firmicutes
198733	k__Bacteria; p__Bacteroidetes
109106	k__Bacteria; p__Proteobacteria
512515	k__Bacteria; p__Bacteroidetes
3609575	k__Bacteria; p__Bacteroidetes
4484180	k__Bacteria; p__Proteobacteria
842657	k__Bacteria; p__Proteobacteria
2449975	k__Bacteria; p__Proteobacteria
575402	k__Bacteria; p__Actinobacteria
4448503	k__Bacteria; p__Actinobacteria
945533	k__Bacteria; p__Bacteroidetes
4352015	k__Bacteria; p__Proteobacteria
342862	k__Bacteria; p__Bacteroidetes
563833	k__Bacteria; p__Actinobacteria
1063675	k__Bacteria; p__Actinobacteria
82490	k__Bacteria; p__Proteobacteria
350162	k__Bacteria; p__Firmicutes
103941	k__Bacteria; p__Firmicutes
416336	k__Bacteria; p__Actinobacteria
352482	k__Bacteria; p__Proteobacteria
4439779	k__Bacteria; p__Firmicutes
586246	k__Bacteria; p__Firmicutes
330760	k__Bacteria; p__Bacteroidetes
4443004	k__Bacteria; p__Bacteroidetes
4330514	k__Bacteria; p__Firmicutes
866280	k__Bacteria; p__Actinobacteria
622689	k__Bacteria; p__Firmicutes
194912	k__Bacteria; p__Firmicutes
177090	k__Bacteria; p__Firmicutes
369996	k__Bacteria; p__Firmicutes
1070904	k__Bacteria; p__Firmicutes
525266	k__Bacteria; p__Firmicutes
517769	k__Bacteria; p__Actinobacteria
271080	k__Bacteria; p__Proteobacteria
992772	k__Bacteria; p__Firmicutes
4374321	k__Bacteria; p__Proteobacteria
4007299	k__Bacteria; p__Bacteroidetes
4299919	k__Bacteria; p__Actinobacteria
3772088	k__Bacteria; p__Planctomycetes
273327	k__Bacteria; p__Proteobacteria
166670	k__Bacteria; p__Firmicutes
962246	k__Bacteria; p__Firmicutes
369540	k__Bacteria; p__Firmicutes
3641041	k__Bacteria; p__Firmicutes
175789	k__Bacteria; p__Firmicutes
936730	k__Bacteria; p__Actinobacteria
149563	k__Bacteria; p__Proteobacteria
1105450	k__Bacteria; p__Actinobacteria
978027	k__Bacteria; p__Bacteroidetes
968253	k__Bacteria; p__Firmicutes
183634	k__Bacteria; p__Proteobacteria
1140199	k__Bacteria; p__Bacteroidetes
3045121	k__Bacteria; p__Bacteroidetes
165131	k__Bacteria; p__Firmicutes
843617	k__Bacteria; p__Firmicutes
189294	k__Bacteria; p__Actinobacteria
820906	k__Bacteria; p__Firmicutes
13883	k__Bacteria; p__Firmicutes
4480476	k__Bacteria; p__Firmicutes
312409	k__Archaea; p__Crenarchaeota
4371880	k__Bacteria; p__Firmicutes
1145943	k__Bacteria; p__Firmicutes
532158	k__Bacteria; p__Bacteroidetes
1029923	k__Bacteria; p__Actinobacteria
396656	k__Bacteria; p__Actinobacteria
4165170	k__Bacteria; p__Proteobacteria
4349989	k__Bacteria; p__Firmicutes
4475684	k__Bacteria; p__Proteobacteria
4480656	k__Bacteria; p__Firmicutes
4467312	k__Bacteria; p__Actinobacteria
348006	k__Bacteria; p__Firmicutes
4388014	k__Bacteria; p__Firmicutes
4141536	k__Bacteria; p__Firmicutes
4482992	k__Bacteria; p__Firmicutes
191348	k__Bacteria; p__Firmicutes
338669	k__Bacteria; p__Firmicutes
1124798	k__Bacteria; p__Actinobacteria
946327	k__Bacteria; p__Proteobacteria
459129	k__Bacteria; p__Proteobacteria
892969	k__Bacteria; p__Firmicutes
236308	k__Bacteria; p__Firmicutes
269138	k__Bacteria; p__Bacteroidetes
3716392	k__Bacteria; p__Firmicutes
894840	k__Bacteria; p__Firmicutes
184689	k__Bacteria; p__Firmicutes
2211110	k__Bacteria; p__Proteobacteria
2027365	k__Bacteria; p__Firmicutes
859373	k__Bacteria; p__Firmicutes
3485761	k__Bacteria; p__Firmicutes
4349225	k__Bacteria; p__Proteobacteria
717218	k__Bacteria; p__Proteobacteria
1105836	k__Bacteria; p__Firmicutes
165383	k__Bacteria; p__Firmicutes
405162	k__Bacteria; p__Firmicutes
525348	k__Bacteria; p__Bacteroidetes
593582	k__Bacteria; p__Actinobacteria
93202	k__Bacteria; p__Proteobacteria
1146685	k__Bacteria; p__Proteobacteria
805072	k__Bacteria; p__Firmicutes
1008431	k__Bacteria; p__Actinobacteria
808058	k__Bacteria; p__Proteobacteria
2529277	k__Bacteria; p__Proteobacteria
776873	k__Bacteria; p__Actinobacteria
198434	k__Bacteria; p__Firmicutes
4482289	k__Bacteria; p__Proteobacteria
167029	k__Bacteria; p__Bacteroidetes
4199279	k__Bacteria; p__Firmicutes
311205	k__Bacteria; p__Firmicutes
787697	k__Bacteria; p__Aquificae
969248	k__Bacteria; p__Actinobacteria
820465	k__Bacteria; p__Proteobacteria
4327095	k__Bacteria; p__Firmicutes
3413556	k__Bacteria; p__Firmicutes
2590958	k__Bacteria; p__Proteobacteria
2865887	k__Bacteria; p__Bacteroidetes
903035	k__Bacteria; p__Proteobacteria
1130583	k__Bacteria; p__Proteobacteria
114510	k__Bacteria; p__Proteobacteria
4310692	k__Bacteria; p__Proteobacteria
855636	k__Bacteria; p__Firmicutes
330659	k__Bacteria; p__Proteobacteria
52673	k__Bacteria; p__Bacteroidetes
558577	k__Bacteria; p__Proteobacteria
195250	k__Bacteria; p__Firmicutes
4316510	k__Bacteria; p__Actinobacteria
922151	k__Bacteria; p__Firmicutes
140772	k__Bacteria; p__Proteobacteria
726569	k__Bacteria; p__Firmicutes
526547	k__Bacteria; p__Bacteroidetes
180363	k__Bacteria; p__Actinobacteria
4381761	k__Bacteria; p__Firmicutes
222554	k__Bacteria; p__Proteobacteria
3746875	k__Bacteria; p__Proteobacteria
4466956	k__Bacteria; p__Proteobacteria
1081937	k__Bacteria; p__Firmicutes
4391230	k__Bacteria; p__Firmicutes
69979	k__Bacteria; p__Proteobacteria
105690	k__Bacteria; p__Proteobacteria
131902	k__Bacteria; p__Actinobacteria
366614	k__Bacteria; p__Firmicutes
916258	k__Bacteria; p__Proteobacteria
85254	k__Bacteria; p__Proteobacteria
525582	k__Bacteria; p__Bacteroidetes
174250	k__Bacteria; p__Bacteroidetes
903886	k__Bacteria; p__Bacteroidetes
4425450	k__Bacteria; p__Actinobacteria
14202	k__Bacteria; p__Firmicutes
611723	k__Bacteria; p__Bacteroidetes
4321620	k__Bacteria; p__Proteobacteria
3917520	k__Bacteria; p__Firmicutes
1059580	k__Bacteria; p__Proteobacteria
4435054	k__Bacteria; p__Firmicutes
25922	k__Bacteria; p__Proteobacteria
269937	k__Bacteria; p__Bacteroidetes
7365	k__Bacteria; p__Proteobacteria
1130123	k__Bacteria; p__Firmicutes
1945571	k__Bacteria; p__Bacteroidetes
4406300	k__Bacteria; p__Bacteroidetes
4421656	k__Bacteria; p__Firmicutes
196807	k__Bacteria; p__Firmicutes
4334433	k__Bacteria; p__Proteobacteria
668546	k__Bacteria; p__Proteobacteria
266330	k__Bacteria; p__Firmicutes
170430	k__Bacteria; p__Fusobacteria
1052636	k__Bacteria; p__Actinobacteria
373020	k__Bacteria; p__Actinobacteria
6229	k__Bacteria; p__Proteobacteria
850370	k__Bacteria; p__Bacteroidetes
427164	k__Bacteria; p__Actinobacteria
867170	k__Bacteria; p__Actinobacteria
308016	k__Bacteria; p__Firmicutes
537871	k__Bacteria; p__Proteobacteria
4364155	k__Bacteria; p__Proteobacteria
484656	k__Bacteria; p__Actinobacteria
4470925	k__Bacteria; p__Bacteroidetes
372770	k__Bacteria; p__Firmicutes
779727	k__Bacteria; p__Proteobacteria
4311251	k__Bacteria; p__Firmicutes
460179	k__Bacteria; p__Actinobacteria
4477031	k__Bacteria; p__Firmicutes
260687	k__Bacteria; p__Verrucomicrobia
519417	k__Bacteria; p__Bacteroidetes
181568	k__Bacteria; p__Firmicutes
913051	k__Bacteria; p__Firmicutes
4435898	k__Bacteria; p__Bacteroidetes
370030	k__Bacteria; p__Firmicutes
4438540	k__Bacteria; p__Bacteroidetes
1924686	k__Bacteria; p__Fibrobacteres
837699	k__Bacteria; p__Proteobacteria
345483	k__Bacteria; p__Firmicutes
302675	k__Bacteria; p__Firmicutes
944426	k__Bacteria; p__Actinobacteria
1087951	k__Bacteria; p__Firmicutes
3594552	k__Bacteria; p__Firmicutes
585486	k__Bacteria; p__Firmicutes
575948	k__Bacteria; p__Actinobacteria
4041567	k__Bacteria; p__Actinobacteria
751699	k__Bacteria; p__Proteobacteria
956902	k__Bacteria; p__Firmicutes
4441387	k__Bacteria; p__Bacteroidetes
3147100	k__Bacteria; p__Firmicutes
2402535	k__Bacteria; p__Firmicutes
147511	k__Bacteria; p__Firmicutes
2254358	k__Bacteria; p__Actinobacteria
191977	k__Bacteria; p__Proteobacteria
4409881	k__Bacteria; p__Planctomycetes
1127290	k__Bacteria; p__Actinobacteria
4365998	k__Bacteria; p__Firmicutes
178860	k__Bacteria; p__Bacteroidetes
3368019	k__Bacteria; p__Proteobacteria
1935637	k__Bacteria; p__Bacteroidetes
1099564	k__Bacteria; p__Actinobacteria
404209	k__Bacteria; p__Actinobacteria
1125951	k__Bacteria; p__Firmicutes
2304693	k__Bacteria; p__Proteobacteria
1118892	k__Bacteria; p__Proteobacteria
2414136	k__Bacteria; p__Bacteroidetes
357833	k__Bacteria; p__Bacteroidetes
1668820	k__Bacteria; p__Firmicutes
1122821	k__Bacteria; p__Proteobacteria
1127237	k__Bacteria; p__Actinobacteria
528525	k__Bacteria; p__Bacteroidetes
278923	k__Bacteria; p__Actinobacteria
147523	k__Bacteria; p__Cyanobacteria
246933	k__Bacteria; p__Nitrospirae
4380876	k__Bacteria; p__Firmicutes
172292	k__Bacteria; p__Fusobacteria
14523	k__Bacteria; p__Firmicutes
133795	k__Bacteria; p__Actinobacteria
885628	k__Bacteria; p__Firmicutes
553228	k__Bacteria; p__Firmicutes
2107103	k__Bacteria; p__Proteobacteria
1507587	k__Bacteria; p__Bacteroidetes
4382166	k__Bacteria; p__Firmicutes
529729	k__Bacteria; p__Actinobacteria
4473763	k__Bacteria; p__Bacteroidetes
164241	k__Bacteria; p__Firmicutes
266277	k__Bacteria; p__Firmicutes
542973	k__Archaea; p__Euryarchaeota
520459	k__Bacteria; p__Firmicutes
747980	k__Bacteria; p__Bacteroidetes
85658	k__Bacteria; p__Firmicutes
4359216	k__Bacteria; p__Firmicutes
869800	k__Bacteria; p__Firmicutes
662808	k__Bacteria; p__Firmicutes
336632	k__Bacteria; p__Verrucomicrobia
4429771	k__Bacteria; p__Proteobacteria
265823	k__Bacteria; p__Actinobacteria
4399637	k__Bacteria; p__Firmicutes
179312	k__Bacteria; p__Actinobacteria
175441	k__Bacteria; p__Firmicutes
2153561	k__Bacteria; p__Bacteroidetes
4374663	k__Bacteria; p__Firmicutes
4373654	k__Bacteria; p__Actinobacteria
883972	k__Bacteria; p__Bacteroidetes
824506	k__Bacteria; p__Proteobacteria
71368	k__Bacteria; p__Proteobacteria
842676	k__Bacteria; p__Bacteroidetes
4274154	k__Bacteria; p__Actinobacteria
1132817	k__Bacteria; p__Actinobacteria
2404	k__Bacteria; p__Bacteroidetes
532521	k__Bacteria; p__Firmicutes
289441	k__Bacteria; p__Proteobacteria
183872	k__Bacteria; p__Firmicutes
526274	k__Bacteria; p__Firmicutes
186795	k__Bacteria; p__Cyanobacteria
141246	k__Bacteria; p__Proteobacteria
4385903	k__Bacteria; p__Bacteroidetes
4474473	k__Bacteria; p__Proteobacteria
1041142	k__Bacteria; p__Firmicutes
1117607	k__Bacteria; p__Firmicutes
1079961	k__Bacteria; p__Actinobacteria
1036730	k__Bacteria; p__Firmicutes
4417682	k__Bacteria; p__Proteobacteria
938503	k__Bacteria; p__Firmicutes
129196	k__Archaea; p__Euryarchaeota
4482366	k__Bacteria; p__Proteobacteria
3040949	k__Bacteria; p__Firmicutes
240867	k__Bacteria; p__Firmicutes
3307435	k__Bacteria; p__Bacteroidetes
790299	k__Bacteria; p__Firmicutes
902635	k__Bacteria; p__Firmicutes
130819	k__Bacteria; p__Bacteroidetes
4030370	k__Bacteria; p__Firmicutes
1070019	k__Bacteria; p__Actinobacteria
142477	k__Bacteria; p__Nitrospirae
4315401	k__Archaea; p__Euryarchaeota
4299095	k__Bacteria; p__Actinobacteria
511597	k__Bacteria; p__Bacteroidetes
4396419	k__Bacteria; p__Proteobacteria
274801	k__Bacteria; p__Actinobacteria
4300555	k__Bacteria; p__Proteobacteria
2157010	k__Bacteria; p__Proteobacteria
1116055	k__Bacteria; p__Actinobacteria
9140	k__Bacteria; p__Proteobacteria
2364	k__Bacteria; p__Bacteroidetes
4334115	k__Bacteria; p__Proteobacteria
971526	k__Bacteria; p__Proteobacteria
199722	k__Bacteria; p__Verrucomicrobia
368013	k__Bacteria; p__Firmicutes
4426096	k__Bacteria; p__Firmicutes
467697	k__Bacteria; p__Actinobacteria
148172	k__Bacteria; p__Proteobacteria
159547	k__Bacteria; p__Proteobacteria
4458883	k__Bacteria; p__Firmicutes
4070491	k__Bacteria; p__Firmicutes
4361229	k__Bacteria; p__Firmicutes
3614642	k__Bacteria; p__Proteobacteria
585145	k__Bacteria; p__Proteobacteria
540616	k__Bacteria; p__Proteobacteria
186233	k__Bacteria; p__Bacteroidetes
2785328	k__Bacteria; p__Proteobacteria
893125	k__Bacteria; p__Actinobacteria
3156638	k__Bacteria; p__Bacteroidetes
4480474	k__Bacteria; p__Firmicutes
455828	k__Bacteria; p__Proteobacteria
2136151	k__Bacteria; p__Firmicutes
4466720	k__Bacteria; p__Bacteroidetes
4323071	k__Bacteria; p__Proteobacteria
571805	k__Bacteria; p__Firmicutes
4362328	k__Bacteria; p__Proteobacteria
521957	k__Bacteria; p__Bacteroidetes
4138125	k__Bacteria; p__Bacteroidetes
4463414	k__Bacteria; p__Bacteroidetes
4004505	k__Bacteria; p__Firmicutes
700699	k__Bacteria; p__Cyanobacteria
828483	k__Bacteria; p__Firmicutes
178385	k__Bacteria; p__Firmicutes
184380	k__Bacteria; p__Bacteroidetes
4410335	k__Bacteria; p__Firmicutes
261779	k__Bacteria; p__Firmicutes
4383637	k__Bacteria; p__Proteobacteria
149929	k__Bacteria; p__Bacteroidetes
1889810	k__Bacteria; p__Bacteroidetes
739471	k__Bacteria; p__Firmicutes
253241	k__Bacteria; p__Firmicutes
16043	k__Bacteria; p__Firmicutes
1024355	k__Bacteria; p__Firmicutes
3908638	k__Bacteria; p__Proteobacteria
112125	k__Archaea; p__Euryarchaeota
520803	k__Bacteria; p__Bacteroidetes
4401078	k__Bacteria; p__Proteobacteria
1125402	k__Bacteria; p__Actinobacteria
4153822	k__Bacteria; p__Proteobacteria
852564	k__Bacteria; p__Firmicutes
2246553	k__Bacteria; p__Firmicutes
810238	k__Bacteria; p__Proteobacteria
4428279	k__Bacteria; p__Firmicutes
863441	k__Bacteria; p__Firmicutes
564448	k__Bacteria; p__Actinobacteria
3283485	k__Bacteria; p__Firmicutes
2986753	k__Bacteria; p__Bacteroidetes
546546	k__Bacteria; p__Proteobacteria
1136795	k__Bacteria; p__Proteobacteria
801663	k__Bacteria; p__Proteobacteria
3825059	k__Bacteria; p__Firmicutes
4481583	k__Bacteria; p__Bacteroidetes
352570	k__Bacteria; p__Fibrobacteres
168571	k__Bacteria; p__Bacteroidetes
293363	k__Bacteria; p__Fibrobacteres
373586	k__Bacteria; p__Actinobacteria
217996	k__Bacteria; p__Firmicutes
541792	k__Bacteria; p__Proteobacteria
942180	k__Bacteria; p__Proteobacteria
4470534	k__Bacteria; p__Firmicutes
526396	k__Bacteria; p__Firmicutes
4457196	k__Bacteria; p__Bacteroidetes
779286	k__Bacteria; p__Firmicutes
5131	k__Bacteria; p__Proteobacteria
4361601	k__Bacteria; p__Actinobacteria
738267	k__Bacteria; p__Cyanobacteria
821653	k__Bacteria; p__Proteobacteria
1105145	k__Bacteria; p__Actinobacteria
4408313	k__Bacteria; p__Actinobacteria
4468647	k__Bacteria; p__Firmicutes
13226	k__Bacteria; p__Actinobacteria
563293	k__Bacteria; p__Proteobacteria
3940564	k__Bacteria; p__Proteobacteria
1689782	k__Bacteria; p__Firmicutes
3731036	k__Bacteria; p__Firmicutes
4337577	k__Bacteria; p__Firmicutes
1974540	k__Bacteria; p__Bacteroidetes
368810	k__Bacteria; p__Verrucomicrobia
4346172	k__Bacteria; p__Bacteroidetes
1124096	k__Bacteria; p__Bacteroidetes
159712	k__Bacteria; p__Proteobacteria
4339149	k__Bacteria; p__Spirochaetes
7977	k__Bacteria; p__Proteobacteria
4340647	k__Bacteria; p__Proteobacteria
364872	k__Bacteria; p__Firmicutes
275582	k__Bacteria; p__Firmicutes
109696	k__Bacteria; p__Proteobacteria
891971	k__Bacteria; p__Actinobacteria
4220093	k__Bacteria; p__Bacteroidetes
4442863	k__Bacteria; p__Actinobacteria
858495	k__Bacteria; p__Proteobacteria
4292140	k__Bacteria; p__Firmicutes
463607	k__Bacteria; p__Proteobacteria
757213	k__Bacteria; p__Actinobacteria
4392386	k__Bacteria; p__Firmicutes
3624677	k__Bacteria; p__Firmicutes
303076	k__Bacteria; p__Firmicutes
512781	k__Bacteria; p__Bacteroidetes
66026	k__Bacteria; p__Proteobacteria
1760701	k__Bacteria; p__Firmicutes
4431206	k__Bacteria; p__Proteobacteria
557513	k__Bacteria; p__Proteobacteria
935846	k__Bacteria; p__Actinobacteria
328035	k__Bacteria; p__Bacteroidetes
827089	k__Bacteria; p__Firmicutes
918638	k__Bacteria; p__Actinobacteria
1142524	k__Bacteria; p__Firmicutes
4405368	k__Bacteria; p__Bacteroidetes
104370	k__Bacteria; p__Firmicutes
4417891	k__Bacteria; p__Firmicutes
1833543	k__Bacteria; p__Bacteroidetes
4300661	k__Bacteria; p__Firmicutes
522036	k__Bacteria; p__Firmicutes
4376964	k__Bacteria; p__Bacteroidetes
149340	k__Bacteria; p__Actinobacteria
1021308	k__Bacteria; p__Actinobacteria
140901	k__Bacteria; p__Proteobacteria
4194886	k__Bacteria; p__Proteobacteria
711556	k__Bacteria; p__Actinobacteria
903139	k__Bacteria; p__Firmicutes
2397566	k__Bacteria; p__Proteobacteria
649288	k__Bacteria; p__Actinobacteria
305071	k__Bacteria; p__Firmicutes
701621	k__Bacteria; p__Actinobacteria
241415	k__Bacteria; p__Proteobacteria
287514	k__Bacteria; p__Actinobacteria
818462	k__Bacteria; p__Proteobacteria
4416518	k__Archaea; p__Euryarchaeota
198589	k__Bacteria; p__Firmicutes
16144	k__Bacteria; p__Firmicutes
568548	k__Bacteria; p__Proteobacteria
3158739	k__Bacteria; p__Actinobacteria
1052152	k__Bacteria; p__Proteobacteria
1083336	k__Bacteria; p__Actinobacteria
4062650	k__Bacteria; p__Proteobacteria
575399	k__Bacteria; p__Firmicutes
2358074	k__Bacteria; p__Proteobacteria
4345821	k__Bacteria; p__Bacteroidetes
297569	k__Bacteria; p__Bacteroidetes
353078	k__Bacteria; p__Actinobacteria
4397659	k__Bacteria; p__Actinobacteria
1087041	k__Bacteria; p__Proteobacteria
584997	k__Bacteria; p__Cyanobacteria
194393	k__Bacteria; p__Actinobacteria
4392482	k__Bacteria; p__Firmicutes
4372619	k__Bacteria; p__Proteobacteria
1125179	k__Bacteria; p__Firmicutes
198471	k__Bacteria; p__Actinobacteria
568416	k__Bacteria; p__Proteobacteria
94413	k__Bacteria; p__Proteobacteria
4435705	k__Bacteria; p__Firmicutes
468356	k__Bacteria; p__Actinobacteria
360347	k__Bacteria; p__Firmicutes
4463585	k__Bacteria; p__Actinobacteria
29194	k__Bacteria; p__Bacteroidetes
1126636	k__Bacteria; p__Proteobacteria
226200	k__Bacteria; p__Proteobacteria
341930	k__Bacteria; p__Firmicutes
56144	k__Bacteria; p__Bacteroidetes
1105677	k__Bacteria; p__Proteobacteria
1591	k__Bacteria; p__Verrucomicrobia
803885	k__Bacteria; p__Proteobacteria
917771	k__Bacteria; p__Firmicutes
610673	k__Bacteria; p__Bacteroidetes
905219	k__Bacteria; p__Firmicutes
813794	k__Bacteria; p__Actinobacteria
523090	k__Bacteria; p__Bacteroidetes
513377	k__Bacteria; p__Bacteroidetes
867346	k__Bacteria; p__Proteobacteria
3716038	k__Bacteria; p__Firmicutes
4360483	k__Bacteria; p__Proteobacteria
100780	k__Archaea; p__Crenarchaeota
162067	k__Bacteria; p__Firmicutes
368486	k__Bacteria; p__Firmicutes
150715	k__Bacteria; p__Firmicutes
336350	k__Bacteria; p__Bacteroidetes
523252	k__Bacteria; p__Bacteroidetes
952003	k__Bacteria; p__Actinobacteria
2195976	k__Bacteria; p__Firmicutes
4361723	k__Bacteria; p__Firmicutes
4425358	k__Bacteria; p__Actinobacteria
4353800	k__Bacteria; p__Actinobacteria
1063629	k__Bacteria; p__Actinobacteria
4410627	k__Bacteria; p__Bacteroidetes
513890	k__Bacteria; p__Bacteroidetes
4347834	k__Bacteria; p__Proteobacteria
1755220	k__Bacteria; p__Proteobacteria
3353115	k__Bacteria; p__Firmicutes
869883	k__Bacteria; p__Proteobacteria
1137273	k__Bacteria; p__Proteobacteria
183244	k__Bacteria; p__Bacteroidetes
4444528	k__Bacteria; p__Firmicutes
4320250	k__Bacteria; p__Firmicutes
842874	k__Bacteria; p__Bacteroidetes
515313	k__Bacteria; p__Bacteroidetes
653071	k__Bacteria; p__Proteobacteria
140505	k__Archaea; p__Euryarchaeota
4466884	k__Bacteria; p__Proteobacteria
361220	k__Bacteria; p__Bacteroidetes
184511	k__Bacteria; p__Firmicutes
620097	k__Archaea; p__Euryarchaeota
589487	k__Bacteria; p__Verrucomicrobia
3971201	k__Bacteria; p__Firmicutes
280924	k__Bacteria; p__Proteobacteria
174337	k__Bacteria; p__Verrucomicrobia
2228265	k__Bacteria; p__Proteobacteria
4349358	k__Bacteria; p__Firmicutes
617432	k__Bacteria; p__Firmicutes
4212012	k__Bacteria; p__Bacteroidetes
111289	k__Bacteria; p__Proteobacteria
4336101	k__Bacteria; p__Proteobacteria
82175	k__Bacteria; p__Actinobacteria
4329850	k__Bacteria; p__Firmicutes
146826	k__Archaea; p__Crenarchaeota
102973	k__Bacteria; p__Proteobacteria
583307	k__Bacteria; p__Proteobacteria
1013615	k__Bacteria; p__Actinobacteria
286514	k__Bacteria; p__Proteobacteria
4458842	k__Bacteria; p__Proteobacteria
1112508	k__Bacteria; p__Firmicutes
539230	k__Bacteria; p__Actinobacteria
38507	k__Bacteria; p__Bacteroidetes
194836	k__Bacteria; p__Firmicutes
27071	k__Bacteria; p__Firmicutes
998869	k__Bacteria; p__Actinobacteria
3366304	k__Bacteria; p__Proteobacteria
140903	k__Bacteria; p__Proteobacteria
187439	k__Bacteria; p__Firmicutes
1065364	k__Bacteria; p__Actinobacteria
1031733	k__Bacteria; p__Actinobacteria
2721836	k__Bacteria; p__Firmicutes
175493	k__Bacteria; p__Firmicutes
4444682	k__Bacteria; p__Bacteroidetes
323686	k__Bacteria; p__Proteobacteria
4365992	k__Bacteria; p__Firmicutes
4307793	k__Bacteria; p__Bacteroidetes
4368597	k__Bacteria; p__Proteobacteria
3237212	k__Bacteria; p__Proteobacteria
544152	k__Bacteria; p__Proteobacteria
199251	k__Bacteria; p__Firmicutes
751671	k__Bacteria; p__Firmicutes
331142	k__Bacteria; p__Actinobacteria
240047	k__Bacteria; p__Firmicutes
4456491	k__Bacteria; p__Bacteroidetes
3468943	k__Bacteria; p__Firmicutes
4435887	k__Bacteria; p__Firmicutes
4334770	k__Bacteria; p__Firmicutes
4385067	k__Bacteria; p__Firmicutes
530851	k__Bacteria; p__Bacteroidetes
430096	k__Bacteria; p__Proteobacteria
269169	k__Bacteria; p__Firmicutes
901754	k__Bacteria; p__Bacteroidetes
848314	k__Bacteria; p__Bacteroidetes
841319	k__Bacteria; p__Firmicutes
523963	k__Bacteria; p__Actinobacteria
359953	k__Bacteria; p__Proteobacteria
559494	k__Bacteria; p__Firmicutes
4471604	k__Bacteria; p__Firmicutes
33404	k__Bacteria; p__Firmicutes
464374	k__Bacteria; p__Actinobacteria
567972	k__Bacteria; p__Firmicutes
199427	k__Bacteria; p__Firmicutes
526034	k__Bacteria; p__Bacteroidetes
2000712	k__Bacteria; p__Proteobacteria
1906635	k__Bacteria; p__Bacteroidetes
344531	k__Bacteria; p__Proteobacteria
168194	k__Bacteria; p__Firmicutes
4435982	k__Bacteria; p__Proteobacteria
4464124	k__Bacteria; p__Firmicutes
4326004	k__Bacteria; p__Proteobacteria
4365806	k__Bacteria; p__Firmicutes
851757	k__Bacteria; p__Firmicutes
4251078	k__Bacteria; p__Proteobacteria
2127580	k__Bacteria; p__Bacteroidetes
2103080	k__Bacteria; p__Firmicutes
489671	k__Bacteria; p__Firmicutes
910805	k__Bacteria; p__Bacteroidetes
7994	k__Bacteria; p__Proteobacteria
199702	k__Bacteria; p__Firmicutes
354325	k__Bacteria; p__Proteobacteria
4011753	k__Bacteria; p__Firmicutes
553146	k__Bacteria; p__Proteobacteria
4460434	k__Bacteria; p__Actinobacteria
4281641	k__Bacteria; p__Firmicutes
264546	k__Bacteria; p__Proteobacteria
4418805	k__Bacteria; p__Firmicutes
4350720	k__Bacteria; p__Proteobacteria
359063	k__Bacteria; p__Firmicutes
4465330	k__Bacteria; p__Proteobacteria
985257	k__Bacteria; p__Firmicutes
193749	k__Bacteria; p__Firmicutes
4331236	k__Bacteria; p__Proteobacteria
4423236	k__Bacteria; p__Proteobacteria
139355	k__Archaea; p__Euryarchaeota
536892	k__Bacteria; p__Firmicutes
184261	k__Bacteria; p__Firmicutes
976756	k__Bacteria; p__Firmicutes
2806899	k__Bacteria; p__Firmicutes
527250	k__Bacteria; p__Firmicutes
356954	k__Bacteria; p__Bacteroidetes
579587	k__Bacteria; p__Firmicutes
4432340	k__Bacteria; p__Actinobacteria
3439965	k__Bacteria; p__Proteobacteria
582811	k__Bacteria; p__Firmicutes
513695	k__Bacteria; p__Bacteroidetes
74268	k__Bacteria; p__Proteobacteria
1074580	k__Bacteria; p__Proteobacteria
920356	k__Bacteria; p__Firmicutes
2406618	k__Bacteria; p__Firmicutes
1099041	k__Bacteria; p__Firmicutes
2797559	k__Bacteria; p__Firmicutes
300180	k__Bacteria; p__Verrucomicrobia
4383518	k__Bacteria; p__Firmicutes
4281168	k__Bacteria; p__Bacteroidetes
1980945	k__Bacteria; p__Proteobacteria
813778	k__Bacteria; p__Proteobacteria
426536	k__Bacteria; p__Proteobacteria
192287	k__Bacteria; p__Firmicutes
878878	k__Bacteria; p__Firmicutes
1040345	k__Bacteria; p__Firmicutes
4340003	k__Bacteria; p__Actinobacteria
111212	k__Bacteria; p__Proteobacteria
568909	k__Bacteria; p__Verrucomicrobia
236778	k__Bacteria; p__Actinobacteria
559436	k__Bacteria; p__Proteobacteria
153711	k__Bacteria; p__Actinobacteria
382845	k__Bacteria; p__Firmicutes
312850	k__Bacteria; p__Proteobacteria
281961	k__Bacteria; p__Proteobacteria
105167	k__Bacteria; p__Proteobacteria
13811	k__Bacteria; p__Firmicutes
579046	k__Bacteria; p__Bacteroidetes
649811	k__Bacteria; p__Proteobacteria
1116825	k__Bacteria; p__Firmicutes
183174	k__Bacteria; p__Firmicutes
530138	k__Bacteria; p__Actinobacteria
1132384	k__Bacteria; p__Proteobacteria
189521	k__Bacteria; p__Bacteroidetes
1124748	k__Bacteria; p__Proteobacteria
638485	k__Bacteria; p__Fibrobacteres
535896	k__Bacteria; p__Actinobacteria
3517729	k__Bacteria; p__Firmicutes
316549	k__Bacteria; p__Bacteroidetes
692777	k__Bacteria; p__Firmicutes
4461457	k__Bacteria; p__Firmicutes
311950	k__Bacteria; p__Bacteroidetes
329385	k__Bacteria; p__Proteobacteria
4470786	k__Bacteria; p__Firmicutes
4315015	k__Bacteria; p__Firmicutes
359079	k__Bacteria; p__Firmicutes
76821	k__Bacteria; p__Tenericutes
355262	k__Bacteria; p__Bacteroidetes
183161	k__Bacteria; p__Firmicutes
920438	k__Bacteria; p__Actinobacteria
4468965	k__Bacteria; p__Proteobacteria
187707	k__Bacteria; p__Firmicutes
99267	k__Bacteria; p__Aquificae
4399738	k__Bacteria; p__Bacteroidetes
1068215	k__Bacteria; p__Proteobacteria
51684	k__Bacteria; p__Proteobacteria
4448828	k__Bacteria; p__Firmicutes
518536	k__Bacteria; p__Bacteroidetes
171947	k__Bacteria; p__Firmicutes
3327894	k__Bacteria; p__Bacteroidetes
1765550	k__Bacteria; p__Proteobacteria
1117361	k__Bacteria; p__Proteobacteria
1141660	k__Bacteria; p__Proteobacteria
166235	k__Bacteria; p__Proteobacteria
4460686	k__Bacteria; p__Proteobacteria
523851	k__Bacteria; p__Bacteroidetes
824825	k__Bacteria; p__Bacteroidetes
1092561	k__Bacteria; p__Proteobacteria
1120127	k__Bacteria; p__Actinobacteria
9477	k__Bacteria; p__Proteobacteria
1821516	k__Bacteria; p__Actinobacteria
72211	k__Bacteria; p__Proteobacteria
137283	k__Bacteria; p__Firmicutes
588526	k__Bacteria; p__Firmicutes
513245	k__Bacteria; p__Bacteroidetes
1066550	k__Bacteria; p__Proteobacteria
277223	k__Bacteria; p__Proteobacteria
1551841	k__Bacteria; p__Firmicutes
182149	k__Bacteria; p__Firmicutes
852030	k__Bacteria; p__Firmicutes
4407205	k__Bacteria; p__Proteobacteria
637253	k__Bacteria; p__Actinobacteria
872864	k__Bacteria; p__Firmicutes
361321	k__Bacteria; p__Firmicutes
576881	k__Bacteria; p__Firmicutes
193970	k__Bacteria; p__Bacteroidetes
115492	k__Bacteria; p__Bacteroidetes
188249	k__Bacteria; p__Firmicutes
4451793	k__Bacteria; p__Firmicutes
2345009	k__Bacteria; p__Proteobacteria
4320732	k__Bacteria; p__Actinobacteria
4390211	k__Bacteria; p__Bacteroidetes
331165	k__Bacteria; p__Firmicutes
340630	k__Bacteria; p__Bacteroidetes
4386127	k__Bacteria; p__Bacteroidetes
356655	k__Bacteria; p__Firmicutes
882067	k__Bacteria; p__Firmicutes
2387025	k__Bacteria; p__Firmicutes
8136	k__Bacteria; p__Proteobacteria
663477	k__Bacteria; p__Firmicutes
41059	k__Bacteria; p__Proteobacteria
4342682	k__Bacteria; p__Firmicutes
173204	k__Bacteria; p__Proteobacteria
4043	k__Bacteria; p__Spirochaetes
2782250	k__Bacteria; p__Firmicutes
151390	k__Bacteria; p__Proteobacteria
3403069	k__Bacteria; p__Firmicutes
142304	k__Bacteria; p__Cyanobacteria
852401	k__Bacteria; p__Actinobacteria
4350882	k__Bacteria; p__Actinobacteria
849904	k__Bacteria; p__Bacteroidetes
1054027	k__Bacteria; p__Firmicutes
256531	k__Bacteria; p__Firmicutes
993437	k__Bacteria; p__Firmicutes
103137	k__Bacteria; p__Proteobacteria
4384067	k__Bacteria; p__Proteobacteria
351169	k__Bacteria; p__Firmicutes
1131906	k__Bacteria; p__Bacteroidetes
195834	k__Bacteria; p__Actinobacteria
691806	k__Bacteria; p__Firmicutes
145765	k__Bacteria; p__Firmicutes
4373638	k__Bacteria; p__Firmicutes
177836	k__Bacteria; p__Firmicutes
4422479	k__Bacteria; p__Bacteroidetes
100999	k__Bacteria; p__Proteobacteria
524292	k__Bacteria; p__Firmicutes
1097509	k__Bacteria; p__Firmicutes
185441	k__Bacteria; p__Firmicutes
956068	k__Bacteria; p__Actinobacteria
3971507	k__Bacteria; p__Firmicutes
312048	k__Bacteria; p__Firmicutes
552208	k__Bacteria; p__Bacteroidetes
2318918	k__Bacteria; p__Proteobacteria
14977	k__Bacteria; p__Firmicutes
359411	k__Bacteria; p__Firmicutes
531096	k__Bacteria; p__Proteobacteria
1102988	k__Bacteria; p__Firmicutes
851932	k__Bacteria; p__Proteobacteria
2339949	k__Bacteria; p__Firmicutes
4395224	k__Bacteria; p__Bacteroidetes
1120588	k__Bacteria; p__Firmicutes
4431988	k__Bacteria; p__Firmicutes
512018	k__Bacteria; p__Bacteroidetes
1049252	k__Bacteria; p__Firmicutes
4142051	k__Bacteria; p__Bacteroidetes
554499	k__Bacteria; p__Cyanobacteria
2818528	k__Bacteria; p__Bacteroidetes
9067	k__Bacteria; p__Proteobacteria
137050	k__Bacteria; p__Proteobacteria
145545	k__Bacteria; p__Firmicutes
343197	k__Bacteria; p__Bacteroidetes
3401529	k__Bacteria; p__Firmicutes
434887	k__Bacteria; p__Actinobacteria
6359	k__Bacteria; p__Proteobacteria
158599	k__Bacteria; p__Firmicutes
3163524	k__Bacteria; p__Firmicutes
366410	k__Bacteria; p__Firmicutes
1142026	k__Bacteria; p__Thermi
454228	k__Bacteria; p__Proteobacteria
4304813	k__Bacteria; p__Proteobacteria
1111998	k__Bacteria; p__Proteobacteria
403893	k__Bacteria; p__Firmicutes
663315	k__Bacteria; p__Firmicutes
4477955	k__Bacteria; p__Firmicutes
58613	k__Bacteria; p__Bacteroidetes
66185	k__Bacteria; p__Proteobacteria
145071	k__Bacteria; p__Proteobacteria
103911	k__Bacteria; p__Proteobacteria
4466258	k__Archaea; p__Crenarchaeota
902903	k__Bacteria; p__Actinobacteria
1857649	k__Bacteria; p__Proteobacteria
10629	k__Bacteria; p__Proteobacteria
533869	k__Bacteria; p__Firmicutes
305683	k__Bacteria; p__Proteobacteria
1108701	k__Bacteria; p__Proteobacteria