SH103328.07FU_GQ303297_reps	k__Fungi;p__Ascomycota
SH078674.07FU_DQ445908_reps	k__Fungi;p__Basidiomycota
SH131231.07FU_HQ847040_reps	k__Fungi;p__Basidiomycota
SH114282.07FU_KJ869145_reps	k__Fungi;p__Ascomycota
SH077070.07FU_JN043309_reps	k__Fungi;p__Basidiomycota
SH083628.07FU_EF409725_reps	k__Fungi;p__Basidiomycota
SH129640.07FU_EF191243_refs	k__Fungi;p__Ascomycota
SH111789.07FU_UDB017860_refs	k__Fungi;p__Basidiomycota
SH088181.07FU_AF046226_reps	k__Fungi;p__Ascomycota
SH125689.07FU_AF138272_reps	k__Fungi;p__Ascomycota
SH079416.07FU_UDB000101_refs	k__Fungi;p__Basidiomycota
SH097051.07FU_GU937754_reps	k__Fungi;p__Basidiomycota
SH110166.07FU_AY645657_refs	k__Fungi;p__Ascomycota
SH132074.07FU_UDB024390_reps	k__Fungi;p__Basidiomycota
SH119993.07FU_UDB007486_reps	k__Fungi;p__Basidiomycota
SH134600.07FU_JQ446151_reps	k__Fungi;p__Basidiomycota
SH098994.07FU_KJ706555_reps	k__Fungi;p__Ascomycota
SH136236.07FU_JQ397036_reps	k__Fungi;p__Ascomycota
SH123028.07FU_JN621908_reps	k__Fungi;p__Ascomycota
SH098628.07FU_AY378094_reps	k__Fungi;p__Basidiomycota
SH096727.07FU_UDB016009_refs	k__Fungi;p__Basidiomycota
SH111734.07FU_JX848554_reps	k__Fungi;p__Ascomycota
SH118791.07FU_AJ538337_refs	k__Fungi;p__Ascomycota
SH128070.07FU_KJ706824_reps	k__Fungi;p__Basidiomycota
SH078113.07FU_FJ769312_reps	k__Fungi;p__Glomeromycota
SH101752.07FU_GQ280331_reps	k__Fungi;p__Ascomycota
SH120146.07FU_AF054866_refs	k__Fungi;p__Ascomycota
SH123234.07FU_GQ921760_reps	k__Fungi;p__Ascomycota
SH077033.07FU_JF514521_refs	k__Fungi;p__Basidiomycota
SH130982.07FU_UDB015304_reps	k__Fungi;p__Basidiomycota
SH117784.07FU_AF027216_reps	k__Fungi;p__Ascomycota
SH125140.07FU_AB558283_reps	k__Fungi;p__Ascomycota
SH111903.07FU_JF735308_refs	k__Fungi;p__Ascomycota
SH104020.07FU_GQ479829_reps	k__Fungi;p__Basidiomycota
SH079791.07FU_AJ585510_reps	k__Fungi;p__Basidiomycota
SH100352.07FU_JQ926231_reps	k__Fungi;p__Ascomycota
SH543420.07FU_KM879337_refs	k__Fungi;p__Ascomycota
SH077341.07FU_UDB015597_reps	k__Fungi;p__Basidiomycota
SH119895.07FU_UDB000484_refs	k__Fungi;p__Basidiomycota
SH115629.07FU_JX310406_reps	k__Fungi;p__Basidiomycota
SH093794.07FU_AY854967_reps	k__Fungi;p__Basidiomycota
SH106419.07FU_DQ480355_reps	k__Fungi;p__Ascomycota
SH088308.07FU_JX536127_refs	k__Fungi;p__Basidiomycota
SH136181.07FU_HQ533044_reps	k__Fungi;p__Basidiomycota
SH112430.07FU_KC184104_reps	k__Fungi;p__Ascomycota
SH077622.07FU_AB534173_reps	k__Fungi;p__Ascomycota
SH097710.07FU_JN135205_refs	k__Fungi;p__Basidiomycota
SH123218.07FU_HQ880789_refs	k__Fungi;p__Ascomycota
SH095447.07FU_JF520431_refs	k__Fungi;p__Basidiomycota
SH080641.07FU_KF227809_reps	k__Fungi;p__Ascomycota
SH539131.07FU_KF016997_reps	k__Fungi;p__Ascomycota
SH128321.07FU_HF548859_reps	k__Fungi;p__Glomeromycota
SH080117.07FU_HM562088_reps	k__Fungi;p__Basidiomycota
SH132130.07FU_JF908156_reps	k__Fungi;p__Basidiomycota
SH103110.07FU_KP131516_refs	k__Fungi;p__Ascomycota
SH539559.07FU_KP135044_reps	k__Fungi;p__Basidiomycota
SH122072.07FU_JN845132_reps	k__Fungi;p__Basidiomycota
SH118441.07FU_UDB011826_refs	k__Fungi;p__Basidiomycota
SH091102.07FU_JN943800_refs	k__Fungi;p__Zygomycota
SH084635.07FU_DQ104734_refs	k__Fungi;p__Ascomycota
SH537363.07FU_LC014563_reps	k__Fungi;p__Ascomycota
SH134450.07FU_AF448423_reps	k__Fungi;p__Basidiomycota
SH112923.07FU_FR750145_reps	k__Fungi;p__Glomeromycota
SH134853.07FU_JQ408750_reps	k__Fungi;p__Basidiomycota
SH093148.07FU_AB453879_refs	k__Fungi;p__Ascomycota
SH094359.07FU_EU057095_reps	k__Fungi;p__Basidiomycota
SH100809.07FU_FN908919_refs	k__Fungi;p__Basidiomycota
SH096735.07FU_UDB002547_refs	k__Fungi;p__Basidiomycota
SH541369.07FU_KM243216_reps	k__Fungi;p__Ascomycota
SH135630.07FU_DQ328060_refs	k__Fungi;p__Basidiomycota
SH101996.07FU_AF444561_refs	k__Fungi;p__Basidiomycota
SH080232.07FU_UDB015971_reps	k__Fungi;p__Basidiomycota
SH098744.07FU_EU825972_reps	k__Fungi;p__Basidiomycota
SH084131.07FU_AF444323_refs	k__Fungi;p__Basidiomycota
SH097137.07FU_FJ904974_reps	k__Fungi;p__Basidiomycota
SH120382.07FU_AF455249_reps	k__Fungi;p__Ascomycota
SH112960.07FU_GU072752_reps	k__Fungi;p__Ascomycota
SH115381.07FU_GU384887_reps	k__Fungi;p__Ascomycota
SH105941.07FU_JN943914_reps	k__Fungi;p__Basidiomycota
SH119887.07FU_JQ967254_refs	k__Fungi;p__Basidiomycota
SH542003.07FU_KP729468_refs	k__Fungi;p__Basidiomycota
SH134093.07FU_UDB015425_refs	k__Fungi;p__Basidiomycota
SH127119.07FU_HQ384311_reps	k__Fungi;p__Basidiomycota
SH134886.07FU_EF658666_refs	k__Fungi;p__Ascomycota
SH124789.07FU_FJ013091_reps	k__Fungi;p__Ascomycota
SH110021.07FU_AY593868_reps	k__Fungi;p__Basidiomycota
SH099774.07FU_EU142917_reps	k__Fungi;p__Ascomycota
SH540934.07FU_KT354924_reps	k__Fungi;p__Basidiomycota
SH549973.07FU_KT767195_reps	k__Fungi;p__Ascomycota
SH099341.07FU_AY553846_refs	k__Fungi;p__Ascomycota
SH126603.07FU_GQ325232_refs	k__Fungi;p__Ascomycota
SH128064.07FU_HQ832796_reps	k__Fungi;p__Basidiomycota
SH079576.07FU_L54104_refs	k__Fungi;p__Basidiomycota
SH127797.07FU_KJ529006_reps	k__Fungi;p__Ascomycota
SH105132.07FU_HQ604808_reps	k__Fungi;p__Basidiomycota
SH539184.07FU_KM285405_reps	k__Fungi;p__Ascomycota
SH551688.07FU_KM231827_reps	k__Fungi;p__Ascomycota
SH539195.07FU_KP192662_reps	k__Fungi;p__Basidiomycota
SH101746.07FU_HQ999978_refs	k__Fungi;p__Ascomycota
SH099816.07FU_JX517281_refs	k__Fungi;p__Ascomycota
SH080466.07FU_EU784418_refs	k__Fungi;p__Basidiomycota
SH135610.07FU_KF732605_refs	k__Fungi;p__Basidiomycota
SH111772.07FU_AB067743_reps	k__Fungi;p__Ascomycota
SH541593.07FU_KC992895_refs	k__Fungi;p__Basidiomycota
SH093187.07FU_JQ936306_reps	k__Fungi;p__Ascomycota
SH079206.07FU_UDB018833_reps	k__Fungi;p__Basidiomycota
SH089961.07FU_HQ212072_reps	k__Fungi;p__Basidiomycota
SH093703.07FU_AY874139_reps	k__Fungi;p__Basidiomycota
SH105259.07FU_KJ194074_refs	k__Fungi;p__Basidiomycota
SH111848.07FU_FJ475566_reps	k__Fungi;p__Basidiomycota
SH115743.07FU_HM538482_reps	k__Fungi;p__Ascomycota
SH135352.07FU_KF727369_reps	k__Fungi;p__Basidiomycota
SH076617.07FU_AF350293_reps	k__Fungi;p__Ascomycota
SH088080.07FU_EU669205_reps	k__Fungi;p__Basidiomycota
SH128322.07FU_HF548853_reps	k__Fungi;p__Glomeromycota
SH109130.07FU_KJ706560_reps	k__Fungi;p__Ascomycota
SH087706.07FU_KF039895_refs	k__Fungi;p__Ascomycota
SH104861.07FU_JN164944_reps	k__Fungi;p__Basidiomycota
SH119974.07FU_HQ599419_reps	k__Fungi;p__Ascomycota
SH123436.07FU_EF469155_reps	k__Fungi;p__Ascomycota
SH539743.07FU_KJ938861_reps	k__Fungi;p__Ascomycota
SH094461.07FU_UDB000743_reps	k__Fungi;p__Basidiomycota
SH135358.07FU_KF732462_refs	k__Fungi;p__Basidiomycota
SH101834.07FU_FJ629333_refs	k__Fungi;p__Ascomycota
SH112463.07FU_KJ523055_reps	k__Fungi;p__Ascomycota
SH118377.07FU_UDB011895_refs	k__Fungi;p__Basidiomycota
SH119229.07FU_KC305357_reps	k__Fungi;p__Ascomycota
SH082553.07FU_GU222277_reps	k__Fungi;p__Basidiomycota
SH104865.07FU_KC485523_reps	k__Fungi;p__Basidiomycota
SH118125.07FU_AF072236_reps	k__Fungi;p__Ascomycota
SH094419.07FU_JX114942_reps	k__Fungi;p__Basidiomycota
SH077906.07FU_AB512305_reps	k__Fungi;p__Ascomycota
SH100598.07FU_JN882334_refs	k__Fungi;p__Basidiomycota
SH097971.07FU_AY606973_refs	k__Fungi;p__Basidiomycota
SH091334.07FU_DQ355449_reps	k__Fungi;p__Basidiomycota
SH107978.07FU_HQ168368_reps	k__Fungi;p__Basidiomycota
SH104516.07FU_JN214482_reps	k__Fungi;p__Basidiomycota
SH113026.07FU_UDB001747_refs	k__Fungi;p__Basidiomycota
SH107656.07FU_JX521864_reps	k__Fungi;p__Ascomycota
SH089620.07FU_HM635697_reps	k__Fungi;p__Basidiomycota
SH537258.07FU_KP133346_reps	k__Fungi;p__Ascomycota
SH087864.07FU_GQ913403_reps	k__Fungi;p__Basidiomycota
SH077427.07FU_EU627606_refs	k__Fungi;p__Basidiomycota
SH126882.07FU_JQ256421_reps	k__Fungi;p__Ascomycota
SH101403.07FU_GQ303269_refs	k__Fungi;p__Ascomycota
SH100907.07FU_EU681310_reps	k__Fungi;p__Ascomycota
SH111049.07FU_GQ981489_reps	k__Fungi;p__Basidiomycota
SH101416.07FU_AF141168_refs	k__Fungi;p__Ascomycota
SH092924.07FU_KC966148_reps	k__Fungi;p__Ascomycota
SH113208.07FU_HQ607981_reps	k__Fungi;p__Ascomycota
SH104361.07FU_AF444476_refs	k__Fungi;p__Basidiomycota
SH080981.07FU_UDB011637_reps	k__Fungi;p__Basidiomycota
SH116543.07FU_KF777171_refs	k__Fungi;p__Ascomycota
SH085127.07FU_GQ917243_reps	k__Fungi;p__Basidiomycota
SH115402.07FU_EU401764_reps	k__Fungi;p__Ascomycota
SH543032.07FU_LN890277_reps	k__Fungi;p__Ascomycota
SH120243.07FU_UDB000467_refs	k__Fungi;p__Basidiomycota
SH101115.07FU_KF036598_refs	k__Fungi;p__Basidiomycota
SH105658.07FU_UDB001404_refs	k__Fungi;p__Basidiomycota
SH089002.07FU_UDB011411_refs	k__Fungi;p__Basidiomycota
SH096662.07FU_KJ705176_reps	k__Fungi;p__Basidiomycota
SH085810.07FU_EU249480_reps	k__Fungi;p__Ascomycota
SH104564.07FU_AM882759_reps	k__Fungi;p__Basidiomycota
SH088730.07FU_EF151441_reps	k__Fungi;p__Ascomycota
SH118136.07FU_HQ725080_reps	k__Fungi;p__Ascomycota
SH111976.07FU_AF133760_reps	k__Fungi;p__Glomeromycota
SH077252.07FU_HM071900_refs	k__Fungi;p__Ascomycota
SH541297.07FU_KP132307_reps	k__Fungi;p__Ascomycota
SH086985.07FU_AY916743_refs	k__Fungi;p__Basidiomycota
SH121530.07FU_JQ393064_reps	k__Fungi;p__Basidiomycota
SH101634.07FU_AY436462_refs	k__Fungi;p__Basidiomycota
SH135424.07FU_KF732451_refs	k__Fungi;p__Basidiomycota
SH113816.07FU_AY265326_reps	k__Fungi;p__Ascomycota
SH085286.07FU_JF832660_reps	k__Fungi;p__Ascomycota
SH120514.07FU_JQ677056_refs	k__Fungi;p__Basidiomycota
SH079871.07FU_HM562041_refs	k__Fungi;p__Basidiomycota
SH092713.07FU_JX310859_reps	k__Fungi;p__Basidiomycota
SH081471.07FU_UDB011686_refs	k__Fungi;p__Basidiomycota
SH542499.07FU_KP309841_reps	k__Fungi;p__Ascomycota
SH553989.07FU_UDB027760_reps	k__Fungi;p__Ascomycota
SH127162.07FU_UDB011458_refs	k__Fungi;p__Basidiomycota
SH079382.07FU_DQ836784_reps	k__Fungi;p__Ascomycota
SH125513.07FU_JX981495_reps	k__Fungi;p__Ascomycota
SH099634.07FU_KC710127_reps	k__Fungi;p__Basidiomycota
SH090323.07FU_KJ706681_reps	k__Fungi;p__Basidiomycota
SH111410.07FU_KF291115_refs	k__Fungi;p__Basidiomycota
SH107011.07FU_AF462425_reps	k__Fungi;p__Ascomycota
SH135204.07FU_AB859985_refs	k__Fungi;p__Basidiomycota
SH099974.07FU_HF546220_reps	k__Fungi;p__Ascomycota
SH093395.07FU_KF729999_refs	k__Fungi;p__Ascomycota
SH087106.07FU_DQ533974_refs	k__Fungi;p__Basidiomycota
SH474432.07FU_KJ638719_reps	k__Fungi;p__Ascomycota
SH111970.07FU_FN547519_refs	k__Fungi;p__Glomeromycota
SH116955.07FU_AY373933_refs	k__Fungi;p__Ascomycota
SH092968.07FU_AB252462_refs	k__Fungi;p__Ascomycota
SH101062.07FU_JN040501_refs	k__Fungi;p__Ascomycota
SH108259.07FU_KC581963_reps	k__Fungi;p__Basidiomycota
SH104819.07FU_EF200025_reps	k__Fungi;p__Basidiomycota
SH102896.07FU_EU821898_refs	k__Fungi;p__Ascomycota
SH543614.07FU_UDB024122_reps	k__Fungi;p__Basidiomycota
SH079395.07FU_HM485412_reps	k__Fungi;p__Ascomycota
SH098891.07FU_KC167014_reps	k__Fungi;p__Ascomycota
SH121571.07FU_EF025943_reps	k__Fungi;p__Ascomycota
SH118967.07FU_JF417488_refs	k__Fungi;p__Ascomycota
SH088125.07FU_DQ223733_refs	k__Fungi;p__Ascomycota
SH099326.07FU_EU445372_refs	k__Fungi;p__Ascomycota
SH123277.07FU_AJ309338_reps	k__Fungi;p__Ascomycota
SH106063.07FU_AF394041_reps	k__Fungi;p__Ascomycota
SH544241.07FU_KT215259_reps	k__Fungi;p__Ascomycota
SH101018.07FU_EU484279_refs	k__Fungi;p__Zygomycota
SH099344.07FU_JQ766526_reps	k__Fungi;p__Ascomycota
SH107802.07FU_JX507800_reps	k__Fungi;p__Ascomycota
SH125913.07FU_AY917103_refs	k__Fungi;p__Basidiomycota
SH092707.07FU_JN008874_reps	k__Fungi;p__Basidiomycota
SH102050.07FU_KJ706642_reps	k__Fungi;p__Basidiomycota
SH121373.07FU_DQ273843_reps	k__Fungi;p__Ascomycota
SH084690.07FU_KC343027_refs	k__Fungi;p__Ascomycota
SH080837.07FU_FR852161_reps	k__Fungi;p__Basidiomycota
SH095177.07FU_KC585360_reps	k__Fungi;p__Basidiomycota
SH086481.07FU_DQ974746_refs	k__Fungi;p__Basidiomycota
SH102993.07FU_KC148377_reps	k__Fungi;p__Ascomycota
SH086480.07FU_KF432982_refs	k__Fungi;p__Basidiomycota
SH085173.07FU_JQ619182_refs	k__Fungi;p__Basidiomycota
SH130355.07FU_UDB015786_refs	k__Fungi;p__Basidiomycota
SH125624.07FU_JN642228_refs	k__Fungi;p__Basidiomycota
SH079200.07FU_KF133277_reps	k__Fungi;p__Basidiomycota
SH099579.07FU_KF297144_reps	k__Fungi;p__Ascomycota
SH109691.07FU_AF241326_reps	k__Fungi;p__Basidiomycota
SH077085.07FU_HM488743_reps	k__Fungi;p__Basidiomycota
SH094309.07FU_UDB019872_reps	k__Fungi;p__Basidiomycota
SH107345.07FU_GQ852839_refs	k__Fungi;p__Ascomycota
SH084702.07FU_FJ710810_reps	k__Fungi;p__Ascomycota
SH119066.07FU_JQ889283_refs	k__Fungi;p__Ascomycota
SH083920.07FU_AB193713_reps	k__Fungi;p__Ascomycota
SH481670.07FU_KF717577_refs	k__Fungi;p__Ascomycota
SH106240.07FU_JN545792_reps	k__Fungi;p__Ascomycota
SH108423.07FU_JN819282_reps	k__Fungi;p__Ascomycota
SH080749.07FU_FJ860791_refs	k__Fungi;p__Ascomycota
SH133906.07FU_EF494042_reps	k__Fungi;p__Ascomycota
SH077537.07FU_JQ279544_refs	k__Fungi;p__Basidiomycota
SH541196.07FU_UDB025629_reps	k__Fungi;p__Basidiomycota
SH095252.07FU_GQ927288_reps	k__Fungi;p__Ascomycota
SH086254.07FU_KF219593_reps	k__Fungi;p__Basidiomycota
SH123952.07FU_HG971765_reps	k__Fungi;p__Ascomycota
SH128455.07FU_UDB015446_refs	k__Fungi;p__Basidiomycota
SH119816.07FU_HM209789_refs	k__Fungi;p__Basidiomycota
SH125257.07FU_EU523560_refs	k__Fungi;p__Basidiomycota
SH120900.07FU_FJ538367_refs	k__Fungi;p__Ascomycota
SH080575.07FU_AF444494_refs	k__Fungi;p__Basidiomycota
SH108540.07FU_EU715654_reps	k__Fungi;p__Ascomycota
SH133273.07FU_UDB011668_refs	k__Fungi;p__Basidiomycota
SH105280.07FU_JF713080_reps	k__Fungi;p__Basidiomycota
SH125369.07FU_FJ415477_refs	k__Fungi;p__Ascomycota
SH111302.07FU_AF144483_refs	k__Fungi;p__Basidiomycota
SH120973.07FU_KJ653478_reps	k__Fungi;p__Ascomycota
SH121684.07FU_EU326200_reps	k__Fungi;p__Ascomycota
SH102742.07FU_KF938465_reps	k__Fungi;p__Ascomycota
SH123520.07FU_DQ137890_reps	k__Fungi;p__Ascomycota
SH109981.07FU_UDB011314_reps	k__Fungi;p__Basidiomycota
SH537512.07FU_KP894277_reps	k__Fungi;p__Ascomycota
SH119936.07FU_JF419894_refs	k__Fungi;p__Ascomycota
SH103314.07FU_KC968932_refs	k__Fungi;p__Ascomycota
SH102908.07FU_AY615141_refs	k__Fungi;p__Ascomycota
SH116198.07FU_KJ706746_reps	k__Fungi;p__Basidiomycota
SH097725.07FU_AF525674_reps	k__Fungi;p__Ascomycota
SH113055.07FU_EU558722_reps	k__Fungi;p__Ascomycota
SH470344.07FU_DQ915483_reps	k__Fungi;p__Ascomycota
SH136043.07FU_KF732606_reps	k__Fungi;p__Basidiomycota
SH101232.07FU_JN943494_reps	k__Fungi;p__Ascomycota
SH099098.07FU_HM161455_reps	k__Fungi;p__Ascomycota
SH077971.07FU_EU379215_reps	k__Fungi;p__Chytridiomycota
SH112206.07FU_KC785574_reps	k__Fungi;p__Basidiomycota
SH077628.07FU_JX941579_reps	k__Fungi;p__Basidiomycota
SH086845.07FU_AJ555521_reps	k__Fungi;p__Basidiomycota
SH120362.07FU_AB763937_reps	k__Fungi;p__Ascomycota
SH133259.07FU_UDB015405_refs	k__Fungi;p__Basidiomycota
SH089014.07FU_KF732543_reps	k__Fungi;p__Basidiomycota
SH114179.07FU_JN943312_reps	k__Fungi;p__Ascomycota
SH104365.07FU_AF444424_refs	k__Fungi;p__Basidiomycota
SH128956.07FU_JN942678_reps	k__Fungi;p__Zygomycota
SH094402.07FU_KC905156_refs	k__Fungi;p__Basidiomycota
SH094027.07FU_FJ463905_reps	k__Fungi;p__Basidiomycota
SH119335.07FU_EU075199_reps	k__Fungi;p__Ascomycota
SH110788.07FU_FJ160950_reps	k__Fungi;p__Zygomycota
SH106573.07FU_HQ435664_reps	k__Fungi;p__Ascomycota
SH134605.07FU_JN797631_reps	k__Fungi;p__Basidiomycota
SH134091.07FU_DQ389726_refs	k__Fungi;p__Basidiomycota
SH115740.07FU_HM538529_reps	k__Fungi;p__Ascomycota
SH092372.07FU_JX496121_reps	k__Fungi;p__Ascomycota
SH119787.07FU_HQ914908_reps	k__Fungi;p__Basidiomycota
SH126845.07FU_UDB013731_reps	k__Fungi;p__Ascomycota
SH537080.07FU_KU883370_reps	k__Fungi;p__Ascomycota
SH537652.07FU_HG779024_reps	k__Fungi;p__Ascomycota
SH132199.07FU_UDB001641_refs	k__Fungi;p__Basidiomycota
SH096289.07FU_AB054105_refs	k__Fungi;p__Ascomycota
SH094708.07FU_AB044373_refs	k__Fungi;p__Ascomycota
SH539899.07FU_KR029777_reps	k__Fungi;p__Ascomycota
SH107632.07FU_KF313092_reps	k__Fungi;p__Ascomycota
SH097483.07FU_FJ039665_reps	k__Fungi;p__Basidiomycota
SH104282.07FU_UDB011428_reps	k__Fungi;p__Ascomycota
SH089928.07FU_GU721196_reps	k__Fungi;p__Basidiomycota
SH545808.07FU_KR056295_reps	k__Fungi;p__Ascomycota
SH089012.07FU_KF732563_refs	k__Fungi;p__Basidiomycota
SH135508.07FU_KJ635207_reps	k__Fungi;p__Basidiomycota
SH099382.07FU_HQ165712_reps	k__Fungi;p__Ascomycota
SH538447.07FU_KM677208_reps	k__Fungi;p__Ascomycota
SH096126.07FU_DQ018088_refs	k__Fungi;p__Ascomycota
SH087032.07FU_GQ280550_refs	k__Fungi;p__Ascomycota
SH107717.07FU_AB750727_reps	k__Fungi;p__Basidiomycota
SH106377.07FU_FJ552711_reps	k__Fungi;p__Basidiomycota
SH082731.07FU_HM578939_reps	k__Fungi;p__Ascomycota
SH106759.07FU_HQ662165_reps	k__Fungi;p__Basidiomycota
SH115476.07FU_KJ706687_reps	k__Fungi;p__Basidiomycota
SH135637.07FU_KF732459_refs	k__Fungi;p__Basidiomycota
SH087002.07FU_GU461971_refs	k__Fungi;p__Basidiomycota
SH536395.07FU_KR811077_reps	k__Fungi;p__Basidiomycota
SH128246.07FU_KC209126_reps	k__Fungi;p__Ascomycota
SH112043.07FU_FN825910_refs	k__Fungi;p__Glomeromycota
SH109799.07FU_AM882815_refs	k__Fungi;p__Basidiomycota
SH085202.07FU_KC859429_reps	k__Fungi;p__Ascomycota
SH117472.07FU_AY773451_reps	k__Fungi;p__Ascomycota
SH133231.07FU_KC466546_reps	k__Fungi;p__Ascomycota
SH107042.07FU_JX402087_reps	k__Fungi;p__Ascomycota
SH090424.07FU_JX862533_refs	k__Fungi;p__Ascomycota
SH107214.07FU_FJ411085_refs	k__Fungi;p__Basidiomycota
SH093488.07FU_KC710092_refs	k__Fungi;p__Basidiomycota
SH095024.07FU_U88218_reps	k__Fungi;p__Basidiomycota
SH093788.07FU_AY854966_reps	k__Fungi;p__Basidiomycota
SH081633.07FU_FJ890028_reps	k__Fungi;p__Basidiomycota
SH130414.07FU_JQ724424_reps	k__Fungi;p__Zygomycota
SH090902.07FU_DQ093653_reps	k__Fungi;p__Basidiomycota
SH103638.07FU_JQ812705_refs	k__Fungi;p__Ascomycota
SH095116.07FU_JQ760688_reps	k__Fungi;p__Ascomycota
SH105881.07FU_KJ704823_reps	k__Fungi;p__Basidiomycota
SH111355.07FU_HM485379_refs	k__Fungi;p__Ascomycota
SH095292.07FU_UDB002462_reps	k__Fungi;p__Basidiomycota
SH094730.07FU_KC683432_reps	k__Fungi;p__Ascomycota
SH094017.07FU_AM269788_reps	k__Fungi;p__Basidiomycota
SH109240.07FU_AY669642_reps	k__Fungi;p__Basidiomycota
SH125912.07FU_AY917101_refs	k__Fungi;p__Basidiomycota
SH103410.07FU_EU041781_reps	k__Fungi;p__Ascomycota
SH077623.07FU_EU498090_reps	k__Fungi;p__Basidiomycota
SH104041.07FU_AF444551_refs	k__Fungi;p__Basidiomycota
SH136240.07FU_HQ874720_reps	k__Fungi;p__Ascomycota
SH101793.07FU_KF297965_reps	k__Fungi;p__Basidiomycota
SH096089.07FU_HQ630279_refs	k__Fungi;p__Zygomycota
SH134902.07FU_AB747657_refs	k__Fungi;p__Ascomycota
SH091169.07FU_AB080540_refs	k__Fungi;p__Ascomycota
SH117239.07FU_KJ476144_reps	k__Fungi;p__Ascomycota
SH114594.07FU_EF687945_reps	k__Fungi;p__Ascomycota
SH083144.07FU_AM992847_reps	k__Fungi;p__Glomeromycota
SH103320.07FU_FJ710193_reps	k__Fungi;p__Basidiomycota
SH107829.07FU_UDB000778_refs	k__Fungi;p__Basidiomycota
SH086272.07FU_GQ165651_reps	k__Fungi;p__Basidiomycota
SH121088.07FU_AB031196_reps	k__Fungi;p__Ascomycota
SH132859.07FU_HQ846982_reps	k__Fungi;p__Basidiomycota
SH127442.07FU_UDB015803_reps	k__Fungi;p__Basidiomycota
SH130470.07FU_HQ604846_reps	k__Fungi;p__Basidiomycota
SH120891.07FU_AB454353_reps	k__Fungi;p__Ascomycota
SH130987.07FU_JQ724064_reps	k__Fungi;p__Basidiomycota
SH080639.07FU_GQ999475_reps	k__Fungi;p__Ascomycota
SH086755.07FU_JX845310_reps	k__Fungi;p__Ascomycota
SH134038.07FU_UDB015660_refs	k__Fungi;p__Basidiomycota
SH098355.07FU_FJ839636_refs	k__Fungi;p__Ascomycota
SH094179.07FU_JQ638982_reps	k__Fungi;p__Ascomycota
SH094479.07FU_GU234038_reps	k__Fungi;p__Basidiomycota
SH084817.07FU_UDB020356_refs	k__Fungi;p__Ascomycota
SH127847.07FU_JQ009314_reps	k__Fungi;p__Ascomycota
SH096173.07FU_AF444350_refs	k__Fungi;p__Basidiomycota
SH110955.07FU_UDB016322_refs	k__Fungi;p__Basidiomycota
SH134767.07FU_UDB015484_reps	k__Fungi;p__Basidiomycota
SH077010.07FU_UDB011831_refs	k__Fungi;p__Basidiomycota
SH100759.07FU_HM056199_refs	k__Fungi;p__Ascomycota
SH128066.07FU_KJ706631_reps	k__Fungi;p__Basidiomycota
SH135432.07FU_KF732413_refs	k__Fungi;p__Basidiomycota
SH113775.07FU_UDB016315_refs	k__Fungi;p__Basidiomycota
SH134506.07FU_EU402594_reps	k__Fungi;p__Basidiomycota
SH108968.07FU_EU707869_reps	k__Fungi;p__Ascomycota
SH090093.07FU_AF516569_refs	k__Fungi;p__Basidiomycota
SH089628.07FU_UDB016198_refs	k__Fungi;p__Basidiomycota
SH541362.07FU_KJ654591_reps	k__Fungi;p__Basidiomycota
SH126688.07FU_KC834041_reps	k__Fungi;p__Ascomycota
SH097210.07FU_DQ105457_reps	k__Fungi;p__Ascomycota
SH097821.07FU_EU908191_reps	k__Fungi;p__Basidiomycota
SH116788.07FU_KP183983_refs	k__Fungi;p__Ascomycota
SH088486.07FU_JF779663_reps	k__Fungi;p__Basidiomycota
SH100297.07FU_EU840628_reps	k__Fungi;p__Basidiomycota
SH116202.07FU_KJ706592_reps	k__Fungi;p__Basidiomycota
SH079796.07FU_AB968238_reps	k__Fungi;p__Basidiomycota
SH126336.07FU_AF118140_refs	k__Fungi;p__Ascomycota
SH110926.07FU_KJ706612_reps	k__Fungi;p__Ascomycota
SH102287.07FU_KJ706691_reps	k__Fungi;p__Basidiomycota
SH120009.07FU_EU070924_refs	k__Fungi;p__Basidiomycota
SH135016.07FU_JN035291_reps	k__Fungi;p__Basidiomycota
SH124456.07FU_AF444575_refs	k__Fungi;p__Basidiomycota
SH116527.07FU_HQ231216_reps	k__Fungi;p__Ascomycota
SH125496.07FU_AF486119_refs	k__Fungi;p__Ascomycota
SH088885.07FU_JQ178248_reps	k__Fungi;p__Glomeromycota
SH129415.07FU_KF031556_reps	k__Fungi;p__Basidiomycota
SH133276.07FU_EU517517_reps	k__Fungi;p__Basidiomycota
SH134181.07FU_DQ490635_reps	k__Fungi;p__Basidiomycota
SH121169.07FU_AF274083_reps	k__Fungi;p__Ascomycota
SH455924.07FU_AB712476_reps	k__Fungi;p__Basidiomycota
SH117559.07FU_EU020063_reps	k__Fungi;p__Ascomycota
SH110265.07FU_AF141177_refs	k__Fungi;p__Ascomycota
SH081710.07FU_UDB015543_refs	k__Fungi;p__Basidiomycota
SH134893.07FU_AB747656_refs	k__Fungi;p__Ascomycota
SH113054.07FU_KJ523059_refs	k__Fungi;p__Ascomycota
SH126657.07FU_DQ166958_refs	k__Fungi;p__Ascomycota
SH131644.07FU_LT000085_reps	k__Fungi;p__Basidiomycota
SH123275.07FU_KJ028780_reps	k__Fungi;p__Ascomycota
SH124105.07FU_AY944882_reps	k__Fungi;p__Zygomycota
SH130991.07FU_FJ168587_reps	k__Fungi;p__Basidiomycota
SH131571.07FU_UDB011585_refs	k__Fungi;p__Basidiomycota
SH112572.07FU_DQ318195_reps	k__Fungi;p__Ascomycota
SH084811.07FU_AY041173_reps	k__Fungi;p__Basidiomycota
SH536405.07FU_JX380415_reps	k__Fungi;p__Ascomycota
SH093337.07FU_HM036605_reps	k__Fungi;p__Ascomycota
SH119031.07FU_KJ621687_reps	k__Fungi;p__Ascomycota
SH077693.07FU_DQ389669_refs	k__Fungi;p__Basidiomycota
SH084177.07FU_JF937048_reps	k__Fungi;p__Ascomycota
SH128709.07FU_JN033435_reps	k__Fungi;p__Ascomycota
SH096551.07FU_UDB016073_refs	k__Fungi;p__Basidiomycota
SH131575.07FU_AB078341_reps	k__Fungi;p__Basidiomycota
SH537069.07FU_KR607175_reps	k__Fungi;p__Basidiomycota
SH107780.07FU_JN383490_refs	k__Fungi;p__Ascomycota
SH108981.07FU_FJ493197_refs	k__Fungi;p__Ascomycota
SH086639.07FU_FJ531062_refs	k__Fungi;p__Ascomycota
SH469707.07FU_KF040479_reps	k__Fungi;p__Ascomycota
SH108790.07FU_KC978066_reps	k__Fungi;p__Ascomycota
SH116460.07FU_NR_077116_refs	k__Fungi;p__Basidiomycota
SH088514.07FU_FJ936147_reps	k__Fungi;p__Basidiomycota
SH115294.07FU_HQ604530_reps	k__Fungi;p__Basidiomycota
SH110306.07FU_AB671505_refs	k__Fungi;p__Ascomycota
SH082535.07FU_JQ724368_reps	k__Fungi;p__Ascomycota
SH536368.07FU_KU720538_reps	k__Fungi;p__Ascomycota
SH100744.07FU_KF381091_reps	k__Fungi;p__Basidiomycota
SH092362.07FU_JN198395_reps	k__Fungi;p__Ascomycota
SH115778.07FU_HM538539_reps	k__Fungi;p__Ascomycota
SH106095.07FU_JX110033_reps	k__Fungi;p__Basidiomycota
SH083391.07FU_UDB015312_reps	k__Fungi;p__Basidiomycota
SH549491.07FU_AB934072_reps	k__Fungi;p__Ascomycota
SH086364.07FU_EF121817_refs	k__Fungi;p__Basidiomycota
SH110957.07FU_KJ706258_reps	k__Fungi;p__Ascomycota
SH117805.07FU_AB807635_reps	k__Fungi;p__Ascomycota
SH129464.07FU_UDB015592_refs	k__Fungi;p__Basidiomycota
SH099234.07FU_JQ954648_refs	k__Fungi;p__Ascomycota
SH097407.07FU_JF730328_reps	k__Fungi;p__Basidiomycota
SH129570.07FU_HM578888_reps	k__Fungi;p__Ascomycota
SH082793.07FU_HQ680616_reps	k__Fungi;p__Ascomycota
SH132077.07FU_UDB017963_refs	k__Fungi;p__Basidiomycota
SH134129.07FU_DQ384577_reps	k__Fungi;p__Basidiomycota
SH114599.07FU_AF150448_reps	k__Fungi;p__Ascomycota
SH105561.07FU_KJ706585_reps	k__Fungi;p__Basidiomycota
SH078158.07FU_FM865562_reps	k__Fungi;p__Glomeromycota
SH126878.07FU_HQ222871_reps	k__Fungi;p__Ascomycota
SH102922.07FU_AB970954_reps	k__Fungi;p__Ascomycota
SH094380.07FU_AY669658_reps	k__Fungi;p__Basidiomycota
SH120284.07FU_AJ247544_reps	k__Fungi;p__Ascomycota
SH085720.07FU_AF224414_reps	k__Fungi;p__Ascomycota
SH094287.07FU_UDB001230_refs	k__Fungi;p__Basidiomycota
SH088781.07FU_AY943058_refs	k__Fungi;p__Ascomycota
SH097947.07FU_KF297812_reps	k__Fungi;p__Basidiomycota
SH132544.07FU_HQ204687_reps	k__Fungi;p__Basidiomycota
SH107990.07FU_AY198204_reps	k__Fungi;p__Basidiomycota
SH118061.07FU_KF417473_reps	k__Fungi;p__Ascomycota
SH121034.07FU_GU980656_reps	k__Fungi;p__Basidiomycota
SH129223.07FU_HQ234607_reps	k__Fungi;p__Ascomycota
SH115141.07FU_KF514687_reps	k__Fungi;p__Basidiomycota
SH087098.07FU_HM562147_reps	k__Fungi;p__Basidiomycota
SH104887.07FU_KF061284_refs	k__Fungi;p__Basidiomycota
SH135265.07FU_UDB002107_refs	k__Fungi;p__Basidiomycota
SH124993.07FU_JQ926281_reps	k__Fungi;p__Ascomycota
SH106345.07FU_GU134163_reps	k__Fungi;p__Ascomycota
SH542742.07FU_KP814234_reps	k__Fungi;p__Basidiomycota
SH116807.07FU_KR476736_refs	k__Fungi;p__Ascomycota
SH102231.07FU_JN206197_refs	k__Fungi;p__Zygomycota
SH102032.07FU_AF216384_reps	k__Fungi;p__Basidiomycota
SH089238.07FU_KC966111_reps	k__Fungi;p__Basidiomycota
SH076689.07FU_HQ604259_reps	k__Fungi;p__Basidiomycota
SH542774.07FU_KU139143_reps	k__Fungi;p__Basidiomycota
SH094374.07FU_HQ204652_reps	k__Fungi;p__Basidiomycota
SH135419.07FU_KM273107_refs	k__Fungi;p__Basidiomycota
SH130572.07FU_KF727404_reps	k__Fungi;p__Basidiomycota
SH136491.07FU_GQ166879_refs	k__Fungi;p__Basidiomycota
SH537768.07FU_KP309856_reps	k__Fungi;p__Ascomycota
SH135286.07FU_UDB016020_reps	k__Fungi;p__Basidiomycota
SH080237.07FU_KC164352_refs	k__Fungi;p__Basidiomycota
SH130972.07FU_UDB002522_refs	k__Fungi;p__Basidiomycota
SH094343.07FU_UDB018659_reps	k__Fungi;p__Basidiomycota
SH539206.07FU_KP984796_reps	k__Fungi;p__Ascomycota
SH107188.07FU_JX623902_refs	k__Fungi;p__Basidiomycota
SH093840.07FU_JQ711986_reps	k__Fungi;p__Basidiomycota
SH105592.07FU_AF050274_refs	k__Fungi;p__Ascomycota
SH128695.07FU_GU480121_reps	k__Fungi;p__Ascomycota
SH109384.07FU_FJ755271_reps	k__Fungi;p__Ascomycota
SH082551.07FU_GU222278_reps	k__Fungi;p__Basidiomycota
SH097664.07FU_AY546713_reps	k__Fungi;p__Ascomycota
SH077445.07FU_FJ998395_reps	k__Fungi;p__Basidiomycota
SH543523.07FU_KT992149_reps	k__Fungi;p__Basidiomycota
SH091189.07FU_UDB016348_refs	k__Fungi;p__Basidiomycota
SH135477.07FU_UDB014294_reps	k__Fungi;p__Basidiomycota
SH134722.07FU_UDB011804_refs	k__Fungi;p__Basidiomycota
SH126385.07FU_KC543170_refs	k__Fungi;p__Basidiomycota
SH538186.07FU_KU672366_reps	k__Fungi;p__Ascomycota
SH105422.07FU_KJ706614_reps	k__Fungi;p__Basidiomycota
SH120344.07FU_JQ723127_refs	k__Fungi;p__Ascomycota
SH128257.07FU_KC209153_reps	k__Fungi;p__Ascomycota
SH080793.07FU_AF414318_reps	k__Fungi;p__Ascomycota
SH122641.07FU_EU673327_refs	k__Fungi;p__Ascomycota
SH080277.07FU_AF444519_refs	k__Fungi;p__Basidiomycota
SH097042.07FU_UDB003331_refs	k__Fungi;p__Basidiomycota
SH549543.07FU_KU198357_reps	k__Fungi;p__Basidiomycota
SH541347.07FU_KP191481_reps	k__Fungi;p__Glomeromycota
SH077949.07FU_EU708340_reps	k__Fungi;p__Basidiomycota
SH114457.07FU_JQ004281_reps	k__Fungi;p__Ascomycota
SH118853.07FU_KJ706899_reps	k__Fungi;p__Ascomycota
SH082762.07FU_HM578848_reps	k__Fungi;p__Ascomycota
SH134386.07FU_UDB017925_refs	k__Fungi;p__Basidiomycota
SH091403.07FU_UDB015984_refs	k__Fungi;p__Basidiomycota
SH539118.07FU_KP192652_reps	k__Fungi;p__Basidiomycota
SH103484.07FU_EU784346_refs	k__Fungi;p__Basidiomycota
SH133915.07FU_UDB015646_refs	k__Fungi;p__Basidiomycota
SH120717.07FU_AF350289_reps	k__Fungi;p__Ascomycota
SH083373.07FU_UDB015329_refs	k__Fungi;p__Basidiomycota
SH085096.07FU_FJ719386_reps	k__Fungi;p__Zygomycota
SH077380.07FU_AY588104_reps	k__Fungi;p__Basidiomycota
SH462602.07FU_KF017930_reps	k__Fungi;p__Basidiomycota
SH083102.07FU_JN048775_reps	k__Fungi;p__Basidiomycota
SH102675.07FU_KP132478_refs	k__Fungi;p__Ascomycota
SH093380.07FU_AF414338_reps	k__Fungi;p__Ascomycota
SH112850.07FU_HM222926_reps	k__Fungi;p__Basidiomycota
SH091232.07FU_EU424288_reps	k__Fungi;p__Basidiomycota
SH116274.07FU_JN882335_refs	k__Fungi;p__Basidiomycota
SH122999.07FU_JN621920_reps	k__Fungi;p__Ascomycota
SH128134.07FU_KC338994_reps	k__Fungi;p__Ascomycota
SH135298.07FU_UDB002191_refs	k__Fungi;p__Basidiomycota
SH542636.07FU_KP133490_reps	k__Fungi;p__Ascomycota
SH099776.07FU_DQ980007_reps	k__Fungi;p__Ascomycota
SH120897.07FU_HM049171_reps	k__Fungi;p__Ascomycota
SH119417.07FU_JF313678_reps	k__Fungi;p__Basidiomycota
SH083621.07FU_EF409726_reps	k__Fungi;p__Basidiomycota
SH130996.07FU_JF908026_reps	k__Fungi;p__Basidiomycota
SH087850.07FU_EU652355_reps	k__Fungi;p__Ascomycota
SH134510.07FU_UDB017890_refs	k__Fungi;p__Basidiomycota
SH126261.07FU_UDB011443_refs	k__Fungi;p__Basidiomycota
SH077996.07FU_KF981790_reps	k__Fungi;p__Basidiomycota
SH077729.07FU_KC992925_refs	k__Fungi;p__Basidiomycota
SH538016.07FU_KR905679_reps	k__Fungi;p__Basidiomycota
SH094417.07FU_KC608581_refs	k__Fungi;p__Basidiomycota
SH106845.07FU_KC543139_refs	k__Fungi;p__Basidiomycota
SH111280.07FU_UDB005488_reps	k__Fungi;p__Basidiomycota
SH111377.07FU_EU935549_reps	k__Fungi;p__Basidiomycota
SH078672.07FU_AY603496_reps	k__Fungi;p__Ascomycota
SH540732.07FU_KJ728714_reps	k__Fungi;p__Ascomycota
SH117084.07FU_AF444548_refs	k__Fungi;p__Basidiomycota
SH088031.07FU_KF816166_reps	k__Fungi;p__Ascomycota
SH133296.07FU_JF908486_reps	k__Fungi;p__Basidiomycota
SH099019.07FU_HG939420_reps	k__Fungi;p__Ascomycota
SH094845.07FU_EU103985_refs	k__Fungi;p__Ascomycota
SH078683.07FU_JN943209_reps	k__Fungi;p__Basidiomycota
SH099044.07FU_JN684766_refs	k__Fungi;p__Basidiomycota
SH122427.07FU_FJ372394_refs	k__Fungi;p__Ascomycota
SH090433.07FU_KC343010_refs	k__Fungi;p__Ascomycota
SH129502.07FU_DQ979700_reps	k__Fungi;p__Ascomycota
SH119585.07FU_KJ935008_reps	k__Fungi;p__Ascomycota
SH536289.07FU_KP814423_reps	k__Fungi;p__Basidiomycota
SH099001.07FU_UDB015176_refs	k__Fungi;p__Basidiomycota
SH554010.07FU_KR476750_refs	k__Fungi;p__Ascomycota
SH119874.07FU_KC152384_reps	k__Fungi;p__Basidiomycota
SH086464.07FU_KF241542_refs	k__Fungi;p__Basidiomycota
SH095993.07FU_EU014071_reps	k__Fungi;p__Basidiomycota
SH115988.07FU_AF332126_reps	k__Fungi;p__Ascomycota
SH106316.07FU_EU409583_refs	k__Fungi;p__Ascomycota
SH103564.07FU_EF029199_reps	k__Fungi;p__Ascomycota
SH078167.07FU_JN685279_reps	k__Fungi;p__Glomeromycota
SH080048.07FU_JN943601_reps	k__Fungi;p__Basidiomycota
SH100509.07FU_AF106527_reps	k__Fungi;p__Ascomycota
SH086946.07FU_UDB000403_refs	k__Fungi;p__Basidiomycota
SH132816.07FU_DQ389682_refs	k__Fungi;p__Basidiomycota
SH086318.07FU_UDB016823_refs	k__Fungi;p__Basidiomycota
SH128226.07FU_AJ309326_reps	k__Fungi;p__Ascomycota
SH095921.07FU_JX122206_reps	k__Fungi;p__Ascomycota
SH129154.07FU_EU670221_reps	k__Fungi;p__Ascomycota
SH121290.07FU_AY541264_reps	k__Fungi;p__Ascomycota
SH120638.07FU_KF269096_reps	k__Fungi;p__Ascomycota
SH132305.07FU_AF444532_refs	k__Fungi;p__Basidiomycota
SH121686.07FU_AB743994_reps	k__Fungi;p__Ascomycota
SH130358.07FU_AB285100_reps	k__Fungi;p__Basidiomycota
SH098896.07FU_KC166984_reps	k__Fungi;p__Ascomycota
SH128253.07FU_EF619582_reps	k__Fungi;p__Ascomycota
SH128686.07FU_KC542389_reps	k__Fungi;p__Ascomycota
SH115409.07FU_EU401763_reps	k__Fungi;p__Ascomycota
SH539748.07FU_KP052788_reps	k__Fungi;p__Ascomycota
SH131911.07FU_EF114691_reps	k__Fungi;p__Ascomycota
SH117783.07FU_AF487663_refs	k__Fungi;p__Ascomycota
SH091258.07FU_FJ655873_reps	k__Fungi;p__Basidiomycota
SH135899.07FU_UDB001105_reps	k__Fungi;p__Basidiomycota
SH129781.07FU_AB252468_refs	k__Fungi;p__Ascomycota
SH100497.07FU_AB278195_reps	k__Fungi;p__Ascomycota
SH076783.07FU_KJ404886_reps	k__Fungi;p__Ascomycota
SH111017.07FU_AB925934_reps	k__Fungi;p__Ascomycota
SH124517.07FU_GQ203814_reps	k__Fungi;p__Basidiomycota
SH088182.07FU_FN556436_refs	k__Fungi;p__Zygomycota
SH542627.07FU_KP131532_refs	k__Fungi;p__Ascomycota
SH129534.07FU_EF110618_reps	k__Fungi;p__Ascomycota
SH123946.07FU_AF176962_refs	k__Fungi;p__Ascomycota
SH104676.07FU_FN547660_reps	k__Fungi;p__Glomeromycota
SH086203.07FU_KF800383_reps	k__Fungi;p__Ascomycota
SH121354.07FU_AB022380_refs	k__Fungi;p__Ascomycota
SH485779.07FU_FJ820662_reps	k__Fungi;p__Basidiomycota
SH135466.07FU_KJ705128_reps	k__Fungi;p__Basidiomycota
SH133570.07FU_UDB017689_reps	k__Fungi;p__Basidiomycota
SH084195.07FU_FJ871066_reps	k__Fungi;p__Ascomycota
SH125078.07FU_UDB005851_reps	k__Fungi;p__Basidiomycota
SH125706.07FU_UDB015491_refs	k__Fungi;p__Basidiomycota
SH100767.07FU_UDB017394_reps	k__Fungi;p__Ascomycota
SH540173.07FU_UDB025202_reps	k__Fungi;p__Basidiomycota
SH135633.07FU_GU233359_reps	k__Fungi;p__Basidiomycota
SH122690.07FU_DQ458888_refs	k__Fungi;p__Ascomycota
SH092511.07FU_JX976259_reps	k__Fungi;p__Zygomycota
SH092581.07FU_KC011030_refs	k__Fungi;p__Ascomycota
SH544096.07FU_KM246182_reps	k__Fungi;p__Basidiomycota
SH088595.07FU_GQ981531_reps	k__Fungi;p__Ascomycota
SH119752.07FU_JN205813_refs	k__Fungi;p__Zygomycota
SH131462.07FU_AM231796_reps	k__Fungi;p__Basidiomycota
SH085642.07FU_HQ026749_refs	k__Fungi;p__Ascomycota
SH135329.07FU_KF732348_refs	k__Fungi;p__Basidiomycota
SH077081.07FU_KF447895_reps	k__Fungi;p__Basidiomycota
SH083781.07FU_UDB019566_reps	k__Fungi;p__Basidiomycota
SH084686.07FU_FJ534884_reps	k__Fungi;p__Basidiomycota
SH084778.07FU_UDB018025_reps	k__Fungi;p__Basidiomycota
SH082475.07FU_AY194546_reps	k__Fungi;p__Basidiomycota
SH133650.07FU_EU819454_reps	k__Fungi;p__Basidiomycota
SH135184.07FU_JQ003623_reps	k__Fungi;p__Basidiomycota
SH542841.07FU_KR607177_reps	k__Fungi;p__Basidiomycota
SH135101.07FU_AF314965_refs	k__Fungi;p__Basidiomycota
SH088886.07FU_X96832_reps	k__Fungi;p__Glomeromycota
SH134099.07FU_JQ844469_reps	k__Fungi;p__Basidiomycota
SH090004.07FU_UDB015690_refs	k__Fungi;p__Basidiomycota
SH082984.07FU_AY194535_reps	k__Fungi;p__Basidiomycota
SH079313.07FU_JF770450_refs	k__Fungi;p__Ascomycota
SH537547.07FU_KP401769_reps	k__Fungi;p__Basidiomycota
SH129878.07FU_JN545823_reps	k__Fungi;p__Ascomycota
SH119828.07FU_UDB015354_reps	k__Fungi;p__Basidiomycota
SH079194.07FU_DQ093852_reps	k__Fungi;p__Basidiomycota
SH090464.07FU_FR748036_refs	k__Fungi;p__Ascomycota
SH118461.07FU_HQ446359_reps	k__Fungi;p__Ascomycota
SH080616.07FU_AY739178_reps	k__Fungi;p__Basidiomycota
SH093666.07FU_UDB016317_refs	k__Fungi;p__Basidiomycota
SH110063.07FU_JQ405654_refs	k__Fungi;p__Basidiomycota
SH133644.07FU_AB253517_reps	k__Fungi;p__Basidiomycota
SH135275.07FU_UDB021508_refs	k__Fungi;p__Basidiomycota
SH127188.07FU_UDB019785_reps	k__Fungi;p__Basidiomycota
SH134285.07FU_KC305465_reps	k__Fungi;p__Basidiomycota
SH119612.07FU_JN899373_refs	k__Fungi;p__Ascomycota
SH122655.07FU_EU673328_refs	k__Fungi;p__Ascomycota
SH134223.07FU_AF014110_reps	k__Fungi;p__Ascomycota
SH134422.07FU_AF032129_reps	k__Fungi;p__Basidiomycota
SH118431.07FU_DQ873601_refs	k__Fungi;p__Basidiomycota
SH113303.07FU_JF744907_reps	k__Fungi;p__Ascomycota
SH080828.07FU_UDB001655_refs	k__Fungi;p__Basidiomycota
SH118924.07FU_KC992899_refs	k__Fungi;p__Basidiomycota
SH103492.07FU_AY462548_reps	k__Fungi;p__Ascomycota
SH128568.07FU_JQ693663_reps	k__Fungi;p__Ascomycota
SH134540.07FU_FJ235988_reps	k__Fungi;p__Ascomycota
SH112308.07FU_AM268200_refs	k__Fungi;p__Glomeromycota
SH100772.07FU_JQ724014_reps	k__Fungi;p__Ascomycota
SH121811.07FU_HQ650645_reps	k__Fungi;p__Ascomycota
SH112072.07FU_HQ283369_refs	k__Fungi;p__Ascomycota
SH551100.07FU_LM644519_reps	k__Fungi;p__Ascomycota
SH127206.07FU_JF908721_reps	k__Fungi;p__Ascomycota
SH084180.07FU_FJ871076_reps	k__Fungi;p__Ascomycota
SH105174.07FU_UDB011753_refs	k__Fungi;p__Basidiomycota
SH107383.07FU_DQ119016_reps	k__Fungi;p__Zygomycota
SH077595.07FU_JX429224_refs	k__Fungi;p__Basidiomycota
SH082998.07FU_JQ279597_refs	k__Fungi;p__Basidiomycota
SH098775.07FU_LT000115_reps	k__Fungi;p__Basidiomycota
SH111850.07FU_JF907853_reps	k__Fungi;p__Basidiomycota
SH113309.07FU_JF744972_reps	k__Fungi;p__Ascomycota
SH099744.07FU_KJ027715_reps	k__Fungi;p__Ascomycota
SH120271.07FU_HQ599429_reps	k__Fungi;p__Ascomycota
SH085122.07FU_JQ838028_reps	k__Fungi;p__Ascomycota
SH549482.07FU_LC001728_refs	k__Fungi;p__Ascomycota
SH107662.07FU_EU784291_refs	k__Fungi;p__Basidiomycota
SH133354.07FU_UDB015275_reps	k__Fungi;p__Basidiomycota
SH082693.07FU_EU520312_reps	k__Fungi;p__Ascomycota
SH133091.07FU_AY999123_reps	k__Fungi;p__Ascomycota
SH133109.07FU_GU180346_reps	k__Fungi;p__Basidiomycota
SH094506.07FU_KP013184_refs	k__Fungi;p__Basidiomycota
SH080423.07FU_UDB015324_reps	k__Fungi;p__Basidiomycota
SH105672.07FU_KJ706577_reps	k__Fungi;p__Ascomycota
SH112641.07FU_KC732649_reps	k__Fungi;p__Ascomycota
SH095070.07FU_DQ396902_reps	k__Fungi;p__Ascomycota
SH079568.07FU_AB636447_reps	k__Fungi;p__Basidiomycota
SH117865.07FU_EU402583_reps	k__Fungi;p__Basidiomycota
SH114610.07FU_JX517197_reps	k__Fungi;p__Ascomycota
SH104124.07FU_UDB019415_reps	k__Fungi;p__Basidiomycota
SH091407.07FU_UDB017911_reps	k__Fungi;p__Basidiomycota
SH131202.07FU_EU918699_reps	k__Fungi;p__Basidiomycota
SH116502.07FU_KC870049_reps	k__Fungi;p__Ascomycota
SH104314.07FU_AY225488_reps	k__Fungi;p__Ascomycota
SH090939.07FU_AJ000607_refs	k__Fungi;p__Ascomycota
SH084454.07FU_KF251264_refs	k__Fungi;p__Ascomycota
SH080713.07FU_AY154939_reps	k__Fungi;p__Ascomycota
SH112609.07FU_KC732510_reps	k__Fungi;p__Ascomycota
SH079345.07FU_EU880216_reps	k__Fungi;p__Basidiomycota
SH081485.07FU_KF220033_reps	k__Fungi;p__Basidiomycota
SH099475.07FU_EU681338_reps	k__Fungi;p__Ascomycota
SH106318.07FU_DQ365831_reps	k__Fungi;p__Ascomycota
SH120354.07FU_UDB015535_reps	k__Fungi;p__Basidiomycota
SH079587.07FU_KF977188_reps	k__Fungi;p__Basidiomycota
SH122569.07FU_JN845201_reps	k__Fungi;p__Basidiomycota
SH117460.07FU_EF585633_reps	k__Fungi;p__Chytridiomycota
SH536275.07FU_KM091318_reps	k__Fungi;p__Ascomycota
SH122500.07FU_FJ896135_reps	k__Fungi;p__Basidiomycota
SH131770.07FU_KC571718_reps	k__Fungi;p__Basidiomycota
SH119422.07FU_U33072_refs	k__Fungi;p__Basidiomycota
SH077051.07FU_UDB015622_reps	k__Fungi;p__Basidiomycota
SH122113.07FU_KC592267_reps	k__Fungi;p__Ascomycota
SH100116.07FU_GU054194_reps	k__Fungi;p__Basidiomycota
SH110312.07FU_AB705235_reps	k__Fungi;p__Ascomycota
SH464555.07FU_KJ140573_reps	k__Fungi;p__Basidiomycota
SH090468.07FU_KC343164_refs	k__Fungi;p__Ascomycota
SH102684.07FU_HQ871786_reps	k__Fungi;p__Ascomycota
SH089838.07FU_JF340250_reps	k__Fungi;p__Ascomycota
SH116560.07FU_AF362060_reps	k__Fungi;p__Ascomycota
SH117505.07FU_HM534896_refs	k__Fungi;p__Ascomycota
SH094741.07FU_UDB015317_reps	k__Fungi;p__Ascomycota
SH122430.07FU_EU707880_refs	k__Fungi;p__Ascomycota
SH536259.07FU_KU934906_reps	k__Fungi;p__Ascomycota
SH537064.07FU_AB205379_reps	k__Fungi;p__Ascomycota
SH550677.07FU_KP004924_reps	k__Fungi;p__Basidiomycota
SH117263.07FU_AY455811_reps	k__Fungi;p__Ascomycota
SH133498.07FU_JN638279_refs	k__Fungi;p__Ascomycota
SH077021.07FU_DQ232638_reps	k__Fungi;p__Basidiomycota
SH100371.07FU_EU563395_reps	k__Fungi;p__Ascomycota
SH132748.07FU_JQ888171_reps	k__Fungi;p__Basidiomycota
SH114789.07FU_KJ706539_reps	k__Fungi;p__Ascomycota
SH086460.07FU_UDB000042_refs	k__Fungi;p__Basidiomycota
SH111133.07FU_AY606959_reps	k__Fungi;p__Basidiomycota
SH131594.07FU_AF377200_reps	k__Fungi;p__Basidiomycota
SH126876.07FU_UDB018104_reps	k__Fungi;p__Ascomycota
SH094774.07FU_JN392256_reps	k__Fungi;p__Ascomycota
SH128517.07FU_EU784193_refs	k__Fungi;p__Basidiomycota
SH085565.07FU_KF036588_refs	k__Fungi;p__Basidiomycota
SH123415.07FU_AF117355_reps	k__Fungi;p__Ascomycota
SH124509.07FU_UDB016941_reps	k__Fungi;p__Basidiomycota
SH076832.07FU_GQ852772_refs	k__Fungi;p__Ascomycota
SH098576.07FU_JX036093_reps	k__Fungi;p__Ascomycota
SH124261.07FU_EF408555_refs	k__Fungi;p__Ascomycota
SH133372.07FU_JN845192_reps	k__Fungi;p__Basidiomycota
SH110756.07FU_KF468197_reps	k__Fungi;p__Ascomycota
SH091893.07FU_JN040508_refs	k__Fungi;p__Ascomycota
SH076801.07FU_AY534593_reps	k__Fungi;p__Basidiomycota
SH119378.07FU_UDB017989_reps	k__Fungi;p__Basidiomycota
SH096577.07FU_KJ867372_reps	k__Fungi;p__Basidiomycota
SH128444.07FU_JF970184_refs	k__Fungi;p__Ascomycota
SH081922.07FU_KF468704_reps	k__Fungi;p__Basidiomycota
SH133634.07FU_UDB015487_refs	k__Fungi;p__Basidiomycota
SH109242.07FU_KJ635224_reps	k__Fungi;p__Basidiomycota
SH080845.07FU_UDB016489_reps	k__Fungi;p__Basidiomycota
SH101417.07FU_KJ869119_reps	k__Fungi;p__Ascomycota
SH546305.07FU_KJ462268_reps	k__Fungi;p__Ascomycota
SH099024.07FU_KF280342_reps	k__Fungi;p__Basidiomycota
SH109693.07FU_AY219354_reps	k__Fungi;p__Basidiomycota
SH103766.07FU_AF314979_refs	k__Fungi;p__Basidiomycota
SH130525.07FU_KC152429_reps	k__Fungi;p__Basidiomycota
SH085066.07FU_KJ562355_reps	k__Fungi;p__Ascomycota
SH102031.07FU_DQ521591_reps	k__Fungi;p__Basidiomycota
SH130797.07FU_KF542867_reps	k__Fungi;p__Basidiomycota
SH543095.07FU_KF018123_reps	k__Fungi;p__Basidiomycota
SH092944.07FU_FJ664869_reps	k__Fungi;p__Ascomycota
SH091028.07FU_UDB011147_refs	k__Fungi;p__Basidiomycota
SH117471.07FU_AF106521_reps	k__Fungi;p__Ascomycota
SH124621.07FU_AB540550_reps	k__Fungi;p__Ascomycota
SH551847.07FU_KC992941_refs	k__Fungi;p__Basidiomycota
SH106476.07FU_KC164648_refs	k__Fungi;p__Ascomycota
SH127901.07FU_EF679363_refs	k__Fungi;p__Ascomycota
SH542083.07FU_KM887889_refs	k__Fungi;p__Ascomycota
SH547005.07FU_KP131807_reps	k__Fungi;p__Ascomycota
SH081601.07FU_FJ176736_refs	k__Fungi;p__Basidiomycota
SH539363.07FU_KM186811_reps	k__Fungi;p__Ascomycota
SH135467.07FU_GU222306_reps	k__Fungi;p__Basidiomycota
SH133705.07FU_AF351874_refs	k__Fungi;p__Basidiomycota
SH120476.07FU_JQ695920_reps	k__Fungi;p__Ascomycota
SH136419.07FU_GU981748_reps	k__Fungi;p__Ascomycota
SH102356.07FU_JQ666644_reps	k__Fungi;p__Ascomycota
SH111108.07FU_HQ599598_reps	k__Fungi;p__Ascomycota
SH108658.07FU_KJ140662_reps	k__Fungi;p__Basidiomycota
SH538651.07FU_KM975390_reps	k__Fungi;p__Basidiomycota
SH136018.07FU_KF732432_refs	k__Fungi;p__Basidiomycota
SH095922.07FU_JN134095_reps	k__Fungi;p__Ascomycota
SH095184.07FU_KF699123_reps	k__Fungi;p__Basidiomycota
SH107464.07FU_EF621930_reps	k__Fungi;p__Basidiomycota
SH125063.07FU_JN009710_reps	k__Fungi;p__Ascomycota
SH078438.07FU_AJ567779_reps	k__Fungi;p__Glomeromycota
SH077446.07FU_AY176463_refs	k__Fungi;p__Basidiomycota
SH104656.07FU_FN547661_reps	k__Fungi;p__Glomeromycota
SH086232.07FU_JX244264_refs	k__Fungi;p__Basidiomycota
SH135384.07FU_UDB020286_reps	k__Fungi;p__Basidiomycota
SH085718.07FU_AY860555_reps	k__Fungi;p__Ascomycota
SH135486.07FU_JQ063070_reps	k__Fungi;p__Basidiomycota
SH123412.07FU_KJ021319_reps	k__Fungi;p__Ascomycota
SH114165.07FU_KJ471513_reps	k__Fungi;p__Ascomycota
SH084182.07FU_JF937053_reps	k__Fungi;p__Ascomycota
SH088693.07FU_FJ711612_reps	k__Fungi;p__Basidiomycota
SH134300.07FU_GU136181_reps	k__Fungi;p__Basidiomycota
SH107077.07FU_AB454274_refs	k__Fungi;p__Ascomycota
SH103805.07FU_AY144542_reps	k__Fungi;p__Ascomycota
SH085627.07FU_GU059544_refs	k__Fungi;p__Glomeromycota
SH077342.07FU_JQ087894_reps	k__Fungi;p__Basidiomycota
SH089129.07FU_FJ430779_refs	k__Fungi;p__Ascomycota
SH125768.07FU_KC967407_reps	k__Fungi;p__Ascomycota
SH095278.07FU_EU041811_refs	k__Fungi;p__Ascomycota
SH109778.07FU_AY515362_reps	k__Fungi;p__Ascomycota
SH099745.07FU_KJ027713_reps	k__Fungi;p__Ascomycota
SH536589.07FU_KU232314_reps	k__Fungi;p__Ascomycota
SH119797.07FU_GU980615_refs	k__Fungi;p__Basidiomycota
SH126432.07FU_AF225429_reps	k__Fungi;p__Ascomycota
SH102984.07FU_KC148359_reps	k__Fungi;p__Ascomycota
SH132248.07FU_JN944006_reps	k__Fungi;p__Basidiomycota
SH135185.07FU_UDB015567_refs	k__Fungi;p__Basidiomycota
SH088747.07FU_JF713082_reps	k__Fungi;p__Basidiomycota
SH124145.07FU_AM267266_reps	k__Fungi;p__Ascomycota
SH101633.07FU_UDB001512_refs	k__Fungi;p__Basidiomycota
SH538922.07FU_KT820162_reps	k__Fungi;p__Ascomycota
SH125368.07FU_GQ852750_refs	k__Fungi;p__Ascomycota
SH099105.07FU_HM161502_reps	k__Fungi;p__Ascomycota
SH117381.07FU_UDB001774_reps	k__Fungi;p__Basidiomycota
SH134593.07FU_AF505776_refs	k__Fungi;p__Basidiomycota
SH135842.07FU_UDB013558_reps	k__Fungi;p__Basidiomycota
SH079551.07FU_UDB011444_refs	k__Fungi;p__Basidiomycota
SH091851.07FU_UDB015184_refs	k__Fungi;p__Basidiomycota
SH545688.07FU_JX312511_reps	k__Fungi;p__Zygomycota
SH114257.07FU_GU973508_reps	k__Fungi;p__Ascomycota
SH118857.07FU_GU258263_refs	k__Fungi;p__Basidiomycota
SH092075.07FU_AJ937993_reps	k__Fungi;p__Basidiomycota
SH546220.07FU_JN116643_reps	k__Fungi;p__Ascomycota
SH134120.07FU_KF160869_reps	k__Fungi;p__Chytridiomycota
SH082651.07FU_JN086335_refs	k__Fungi;p__Ascomycota
SH080082.07FU_KF533019_reps	k__Fungi;p__Ascomycota
SH095060.07FU_KF644365_reps	k__Fungi;p__Ascomycota
SH131975.07FU_DQ780424_reps	k__Fungi;p__Ascomycota
SH485954.07FU_JN710554_reps	k__Fungi;p__Basidiomycota
SH089907.07FU_AB114129_reps	k__Fungi;p__Ascomycota
SH135469.07FU_UDB001276_refs	k__Fungi;p__Basidiomycota
SH112771.07FU_AB524800_refs	k__Fungi;p__Ascomycota
SH115748.07FU_GU723408_reps	k__Fungi;p__Ascomycota
SH543948.07FU_KP135293_reps	k__Fungi;p__Basidiomycota
SH085033.07FU_HQ204707_reps	k__Fungi;p__Basidiomycota
SH086888.07FU_AF358229_reps	k__Fungi;p__Ascomycota
SH083854.07FU_JF908705_reps	k__Fungi;p__Basidiomycota
SH545436.07FU_KP899397_reps	k__Fungi;p__Ascomycota
SH099521.07FU_AY999131_reps	k__Fungi;p__Ascomycota
SH111762.07FU_GQ344609_reps	k__Fungi;p__Ascomycota
SH125908.07FU_AF444301_refs	k__Fungi;p__Basidiomycota
SH100845.07FU_EU681285_reps	k__Fungi;p__Ascomycota
SH092730.07FU_EU918700_reps	k__Fungi;p__Basidiomycota
SH116486.07FU_AY826766_reps	k__Fungi;p__Ascomycota
SH094446.07FU_UDB018361_reps	k__Fungi;p__Basidiomycota
SH546873.07FU_KJ417265_reps	k__Fungi;p__Basidiomycota
SH133924.07FU_UDB002180_refs	k__Fungi;p__Basidiomycota
SH124777.07FU_FM206404_reps	k__Fungi;p__Ascomycota
SH095275.07FU_AJ408376_reps	k__Fungi;p__Basidiomycota
SH119129.07FU_FR750056_reps	k__Fungi;p__Glomeromycota
SH134158.07FU_GQ231745_reps	k__Fungi;p__Ascomycota
SH549507.07FU_KP822308_reps	k__Fungi;p__Ascomycota
SH114995.07FU_KF435360_reps	k__Fungi;p__Ascomycota
SH076456.07FU_GQ927301_reps	k__Fungi;p__Ascomycota
SH544521.07FU_KM817200_reps	k__Fungi;p__Ascomycota
SH544177.07FU_KT380090_reps	k__Fungi;p__Ascomycota
SH094344.07FU_KJ206515_refs	k__Fungi;p__Basidiomycota
SH120888.07FU_AB095509_reps	k__Fungi;p__Ascomycota
SH092262.07FU_AF377073_reps	k__Fungi;p__Basidiomycota
SH126528.07FU_FM178324_refs	k__Fungi;p__Ascomycota
SH102200.07FU_JF440982_reps	k__Fungi;p__Ascomycota
SH090863.07FU_JF439685_refs	k__Fungi;p__Zygomycota
SH135429.07FU_KJ635219_reps	k__Fungi;p__Basidiomycota
SH087105.07FU_FJ481128_reps	k__Fungi;p__Basidiomycota
SH077348.07FU_AY877406_reps	k__Fungi;p__Basidiomycota
SH111151.07FU_EU149805_reps	k__Fungi;p__Basidiomycota
SH097100.07FU_EU707897_refs	k__Fungi;p__Ascomycota
SH125103.07FU_JN845137_reps	k__Fungi;p__Basidiomycota
SH103715.07FU_JN206387_refs	k__Fungi;p__Zygomycota
SH113267.07FU_AY790539_refs	k__Fungi;p__Ascomycota
SH106638.07FU_JQ731604_reps	k__Fungi;p__Basidiomycota
SH133607.07FU_HQ533019_reps	k__Fungi;p__Basidiomycota
SH127176.07FU_EU416293_reps	k__Fungi;p__Basidiomycota
SH135335.07FU_UDB001797_reps	k__Fungi;p__Basidiomycota
SH104011.07FU_AY375271_reps	k__Fungi;p__Basidiomycota
SH079752.07FU_FJ710198_reps	k__Fungi;p__Basidiomycota
SH091425.07FU_EU669222_reps	k__Fungi;p__Basidiomycota
SH120963.07FU_AY571048_refs	k__Fungi;p__Basidiomycota
SH094458.07FU_AY669676_reps	k__Fungi;p__Basidiomycota
SH102853.07FU_KC833065_reps	k__Fungi;p__Ascomycota
SH088117.07FU_JN943809_refs	k__Fungi;p__Chytridiomycota
SH086379.07FU_JQ925638_reps	k__Fungi;p__Ascomycota
SH113692.07FU_AF444411_refs	k__Fungi;p__Basidiomycota
SH091663.07FU_KC753437_reps	k__Fungi;p__Basidiomycota
SH096261.07FU_JN942657_refs	k__Fungi;p__Ascomycota
SH080735.07FU_AB742523_reps	k__Fungi;p__Ascomycota
SH541030.07FU_JX514130_reps	k__Fungi;p__Basidiomycota
SH115483.07FU_KJ706690_reps	k__Fungi;p__Basidiomycota
SH098869.07FU_FJ496683_refs	k__Fungi;p__Basidiomycota
SH099548.07FU_EU118659_refs	k__Fungi;p__Basidiomycota
SH092082.07FU_AB451977_reps	k__Fungi;p__Basidiomycota
SH104616.07FU_JF820465_reps	k__Fungi;p__Glomeromycota
SH124159.07FU_AF004735_refs	k__Fungi;p__Basidiomycota
SH079165.07FU_JN544451_reps	k__Fungi;p__Basidiomycota
SH126380.07FU_KF306015_reps	k__Fungi;p__Basidiomycota
SH088762.07FU_AY943061_refs	k__Fungi;p__Ascomycota
SH102354.07FU_JX624262_reps	k__Fungi;p__Ascomycota
SH127395.07FU_EU623726_refs	k__Fungi;p__Basidiomycota
SH549537.07FU_UDB027804_reps	k__Fungi;p__Ascomycota
SH541960.07FU_LT158447_reps	k__Fungi;p__Ascomycota
SH113351.07FU_KC776591_reps	k__Fungi;p__Ascomycota
SH103504.07FU_KC774565_reps	k__Fungi;p__Ascomycota
SH108442.07FU_KF251199_reps	k__Fungi;p__Ascomycota
SH109039.07FU_EF212844_reps	k__Fungi;p__Ascomycota
SH083000.07FU_JX310403_reps	k__Fungi;p__Basidiomycota
SH087244.07FU_FJ596859_refs	k__Fungi;p__Basidiomycota
SH116536.07FU_GU269700_reps	k__Fungi;p__Ascomycota
SH098525.07FU_EU014011_reps	k__Fungi;p__Basidiomycota
SH092166.07FU_HM627482_refs	k__Fungi;p__Ascomycota
SH096928.07FU_JQ706112_reps	k__Fungi;p__Ascomycota
SH090333.07FU_KJ780462_reps	k__Fungi;p__Basidiomycota
SH090986.07FU_UDB016324_refs	k__Fungi;p__Basidiomycota
SH548719.07FU_LM652410_refs	k__Fungi;p__Ascomycota
SH080116.07FU_HM562180_reps	k__Fungi;p__Basidiomycota
SH107598.07FU_U66453_reps	k__Fungi;p__Basidiomycota
SH114295.07FU_EU882732_refs	k__Fungi;p__Ascomycota
SH544573.07FU_UDB024191_reps	k__Fungi;p__Ascomycota
SH130356.07FU_UDB019800_reps	k__Fungi;p__Basidiomycota
SH110566.07FU_KC222741_reps	k__Fungi;p__Ascomycota
SH131902.07FU_EU035445_reps	k__Fungi;p__Ascomycota
SH095555.07FU_EU696796_reps	k__Fungi;p__Basidiomycota
SH547011.07FU_LC009975_reps	k__Fungi;p__Ascomycota
SH537973.07FU_KR017057_reps	k__Fungi;p__Ascomycota
SH109653.07FU_FJ903330_reps	k__Fungi;p__Basidiomycota
SH128786.07FU_JF809850_reps	k__Fungi;p__Chytridiomycota
SH090875.07FU_FJ455871_reps	k__Fungi;p__Zygomycota
SH088503.07FU_KF192890_reps	k__Fungi;p__Ascomycota
SH093754.07FU_GU733326_reps	k__Fungi;p__Ascomycota
SH130044.07FU_FJ167655_reps	k__Fungi;p__Basidiomycota
SH092505.07FU_AF309518_reps	k__Fungi;p__Basidiomycota
SH102722.07FU_FJ612837_reps	k__Fungi;p__Ascomycota
SH117518.07FU_FM986321_refs	k__Fungi;p__Ascomycota
SH096085.07FU_JF747069_reps	k__Fungi;p__Ascomycota
SH082729.07FU_KJ406275_reps	k__Fungi;p__Ascomycota
SH132729.07FU_DQ144612_refs	k__Fungi;p__Basidiomycota
SH537083.07FU_KU934882_reps	k__Fungi;p__Ascomycota
SH111030.07FU_AB080548_refs	k__Fungi;p__Ascomycota
SH089131.07FU_KC834056_refs	k__Fungi;p__Ascomycota
SH099020.07FU_EF029223_reps	k__Fungi;p__Ascomycota
SH105225.07FU_AM949568_refs	k__Fungi;p__Ascomycota
SH098801.07FU_JQ044439_reps	k__Fungi;p__Ascomycota
SH124620.07FU_AB540567_refs	k__Fungi;p__Ascomycota
SH088239.07FU_AM085531_refs	k__Fungi;p__Basidiomycota
SH077337.07FU_UDB017937_reps	k__Fungi;p__Basidiomycota
SH096227.07FU_AM882754_refs	k__Fungi;p__Basidiomycota
SH135342.07FU_UDB014309_reps	k__Fungi;p__Basidiomycota
SH092300.07FU_AF454410_reps	k__Fungi;p__Basidiomycota
SH114817.07FU_AB273553_refs	k__Fungi;p__Ascomycota
SH096925.07FU_JQ706118_reps	k__Fungi;p__Ascomycota
SH104427.07FU_EF011122_reps	k__Fungi;p__Basidiomycota
SH093487.07FU_KC710071_reps	k__Fungi;p__Basidiomycota
SH470736.07FU_KF732245_refs	k__Fungi;p__Basidiomycota
SH089770.07FU_KC237379_reps	k__Fungi;p__Ascomycota
SH537827.07FU_KT453724_reps	k__Fungi;p__Ascomycota
SH118589.07FU_AB507398_refs	k__Fungi;p__Basidiomycota
SH116168.07FU_AF414299_reps	k__Fungi;p__Ascomycota
SH132795.07FU_JN159560_refs	k__Fungi;p__Basidiomycota
SH079790.07FU_AJ585454_reps	k__Fungi;p__Basidiomycota
SH083471.07FU_HE964992_reps	k__Fungi;p__Basidiomycota
SH078632.07FU_AY740062_reps	k__Fungi;p__Basidiomycota
SH104194.07FU_AB481253_reps	k__Fungi;p__Ascomycota
SH133482.07FU_EU179868_reps	k__Fungi;p__Ascomycota
SH094134.07FU_AJ634044_reps	k__Fungi;p__Ascomycota
SH538408.07FU_HF935022_reps	k__Fungi;p__Glomeromycota
SH104825.07FU_KJ140615_reps	k__Fungi;p__Basidiomycota
SH538625.07FU_KP192608_reps	k__Fungi;p__Basidiomycota
SH077606.07FU_JN616428_reps	k__Fungi;p__Basidiomycota
SH542623.07FU_KT281737_reps	k__Fungi;p__Ascomycota
SH112361.07FU_FM180026_reps	k__Fungi;p__Ascomycota
SH094354.07FU_UDB011233_reps	k__Fungi;p__Basidiomycota
SH549545.07FU_KP192646_reps	k__Fungi;p__Basidiomycota
SH119603.07FU_JX012227_reps	k__Fungi;p__Ascomycota
SH125944.07FU_KF000464_refs	k__Fungi;p__Basidiomycota
SH077351.07FU_HQ832090_reps	k__Fungi;p__Basidiomycota
SH109253.07FU_UDB017793_refs	k__Fungi;p__Basidiomycota
SH113866.07FU_JN899350_refs	k__Fungi;p__Ascomycota
SH104933.07FU_UDB011611_refs	k__Fungi;p__Basidiomycota
SH110254.07FU_KF376102_reps	k__Fungi;p__Ascomycota
SH104614.07FU_HF968938_reps	k__Fungi;p__Glomeromycota
SH122289.07FU_AF410470_refs	k__Fungi;p__Basidiomycota
SH086836.07FU_FJ000396_reps	k__Fungi;p__Ascomycota
SH103130.07FU_KF938454_reps	k__Fungi;p__Ascomycota
SH539663.07FU_KM243209_reps	k__Fungi;p__Ascomycota
SH111005.07FU_GQ465043_reps	k__Fungi;p__Basidiomycota
SH116130.07FU_HQ604818_reps	k__Fungi;p__Basidiomycota
SH547887.07FU_KM484852_reps	k__Fungi;p__Ascomycota
SH096665.07FU_EU486444_reps	k__Fungi;p__Basidiomycota
SH096841.07FU_KC965868_reps	k__Fungi;p__Basidiomycota
SH094847.07FU_AB114131_reps	k__Fungi;p__Ascomycota
SH080230.07FU_UDB011116_refs	k__Fungi;p__Basidiomycota
SH104313.07FU_JQ838032_reps	k__Fungi;p__Ascomycota
SH109798.07FU_UDB015295_refs	k__Fungi;p__Basidiomycota
SH133710.07FU_KC346843_refs	k__Fungi;p__Basidiomycota
SH087146.07FU_EU935486_reps	k__Fungi;p__Basidiomycota
SH096152.07FU_AB439550_refs	k__Fungi;p__Basidiomycota
SH123249.07FU_DQ376247_refs	k__Fungi;p__Ascomycota
SH544598.07FU_LN810772_reps	k__Fungi;p__Ascomycota
SH542502.07FU_LN810819_reps	k__Fungi;p__Ascomycota
SH135472.07FU_EU669315_reps	k__Fungi;p__Basidiomycota
SH078996.07FU_UDB000648_refs	k__Fungi;p__Basidiomycota
SH547034.07FU_KU934729_reps	k__Fungi;p__Ascomycota
SH079993.07FU_GU291263_refs	k__Fungi;p__Ascomycota
SH077332.07FU_DQ367893_reps	k__Fungi;p__Basidiomycota
SH080874.07FU_UDB011602_reps	k__Fungi;p__Basidiomycota
SH123748.07FU_KC979133_reps	k__Fungi;p__Ascomycota
SH092150.07FU_AY249066_refs	k__Fungi;p__Ascomycota
SH093744.07FU_GU328562_reps	k__Fungi;p__Basidiomycota