SampleID	BarcodeSequence	LinkerPrimerSequence	ReversePrimer	PrimerName	Description
Mock.41	CGAGACAC	CTTGGTCATTTAGAGGAAGTAA	TCCTCCGCTTATTGATATGC	ITS1f-ITS4r	Artificial equal concentration
Mock.43	AGATAGAG	CTTGGTCATTTAGAGGAAGTAA	TCCTCCGCTTATTGATATGC	ITS1f-ITS4r	Artificial equal concentration
Mock.44	ATCACTAC	CTTGGTCATTTAGAGGAAGTAA	TCCTCCGCTTATTGATATGC	ITS1f-ITS4r	Artificial equal concentration
Mock.45	AGTATGCA	CTTGGTCATTTAGAGGAAGTAA	TCCTCCGCTTATTGATATGC	ITS1f-ITS4r	Artificial equal concentration
Mock.46	CATGCACA	CTTGGTCATTTAGAGGAAGTAA	TCCTCCGCTTATTGATATGC	ITS1f-ITS4r	Artificial equal concentration
Mock.47	CGTATGCG	CTTGGTCATTTAGAGGAAGTAA	TCCTCCGCTTATTGATATGC	ITS1f-ITS4r	Artificial equal concentration
Mock.48	AGATGACG	CTTGGTCATTTAGAGGAAGTAA	TCCTCCGCTTATTGATATGC	ITS1f-ITS4r	Artificial equal concentration
Mock.52	AGCAGTCG	CTTGGTCATTTAGAGGAAGTAA	TCCTCCGCTTATTGATATGC	ITS1f-ITS4r	Artificial equal concentration
Mock.53	CGACTAGA	CTTGGTCATTTAGAGGAAGTAA	TCCTCCGCTTATTGATATGC	ITS1f-ITS4r	Artificial equal concentration
Mock.54	CGTAGAGC	CTTGGTCATTTAGAGGAAGTAA	TCCTCCGCTTATTGATATGC	ITS1f-ITS4r	Artificial equal concentration
Mock.57	ACATAGAC	CTTGGTCATTTAGAGGAAGTAA	TCCTCCGCTTATTGATATGC	ITS1f-ITS4r	Artificial equal concentration
Mock.58	CTCACACG	CTTGGTCATTTAGAGGAAGTAA	TCCTCCGCTTATTGATATGC	ITS1f-ITS4r	Artificial equal concentration